loan_amnt,term,int_rate,installment,grade,sub_grade,emp_length,home_ownership,annual_inc,verification_status,purpose,dti,delinq_2yrs,fico_range_low,fico_range_high,open_acc,pub_rec,revol_bal,revol_util,total_acc,mort_acc,pub_rec_bankruptcies,issue_d,earliest_cr_line
15225.0, 36 months,8.49,480.55,B,B1,3 years,OWN,40000.0,Not Verified,debt_consolidation,21.21,0.0,685.0,689.0,12.0,1.0,5278.0,31.0,30.0,0.0,0.0,Dec-2015,May-1999
14000.0, 36 months,9.8,450.43,B,B3,10+ years,MORTGAGE,130000.0,Source Verified,credit_card,11.99,0.0,675.0,679.0,14.0,0.0,78106.0,85.1,28.0,5.0,0.0,Dec-2015,Jan-1999
5600.0, 36 months,10.78,182.76,B,B4,10+ years,OWN,46000.0,Source Verified,credit_card,13.18,0.0,660.0,664.0,7.0,0.0,8773.0,84.4,14.0,1.0,0.0,Dec-2015,Dec-2004
18000.0, 36 months,6.99,555.71,A,A3,10+ years,OWN,120000.0,Not Verified,credit_card,14.88,1.0,710.0,714.0,7.0,0.0,41266.0,63.5,13.0,3.0,0.0,Dec-2015,Nov-1983
15125.0, 60 months,18.49,388.12,D,D5,10+ years,MORTGAGE,61000.0,Verified,debt_consolidation,25.38,0.0,680.0,684.0,16.0,0.0,19934.0,47.0,18.0,1.0,0.0,Dec-2015,Apr-2012
6000.0, 36 months,10.78,195.81,B,B4,< 1 year,MORTGAGE,57000.0,Source Verified,debt_consolidation,18.34,2.0,690.0,694.0,12.0,0.0,10706.0,21.1,23.0,1.0,0.0,Dec-2015,Jun-2003
28000.0, 36 months,6.49,858.05,A,A2,10+ years,MORTGAGE,92000.0,Not Verified,debt_consolidation,21.6,0.0,720.0,724.0,16.0,0.0,51507.0,64.5,24.0,2.0,0.0,Dec-2015,May-1984
5000.0, 36 months,11.48,164.84,B,B5,1 year,RENT,17000.0,Source Verified,other,27.9,0.0,690.0,694.0,8.0,0.0,6378.0,44.3,11.0,0.0,0.0,Dec-2015,Aug-2011
20000.0, 36 months,9.17,637.58,B,B2,,MORTGAGE,60000.0,Source Verified,credit_card,10.45,0.0,665.0,669.0,10.0,1.0,10874.0,52.3,36.0,5.0,1.0,Dec-2015,Apr-2000
35000.0, 60 months,11.99,778.38,C,C1,< 1 year,MORTGAGE,148000.0,Source Verified,credit_card,13.33,0.0,735.0,739.0,11.0,0.0,43397.0,54.0,26.0,5.0,0.0,Dec-2015,Nov-1985
11000.0, 36 months,7.91,344.25,A,A5,3 years,MORTGAGE,77000.0,Not Verified,debt_consolidation,28.73,2.0,685.0,689.0,11.0,0.0,10919.0,60.3,25.0,3.0,0.0,Dec-2015,Mar-2004
31075.0, 36 months,7.49,966.49,A,A4,10+ years,RENT,70000.0,Source Verified,credit_card,17.18,0.0,725.0,729.0,10.0,0.0,31640.0,48.6,28.0,3.0,0.0,Dec-2015,Apr-1991
6000.0, 36 months,7.91,187.77,A,A5,10+ years,MORTGAGE,50000.0,Not Verified,debt_consolidation,19.42,0.0,785.0,789.0,8.0,0.0,5049.0,24.0,20.0,2.0,0.0,Dec-2015,Mar-1980
7200.0, 36 months,8.49,227.26,B,B1,4 years,RENT,42000.0,Source Verified,major_purchase,13.54,0.0,690.0,694.0,5.0,0.0,1567.0,18.2,16.0,5.0,0.0,Dec-2015,Mar-2005
16000.0, 36 months,9.8,514.78,B,B3,,MORTGAGE,99906.0,Not Verified,credit_card,6.97,0.0,660.0,664.0,10.0,1.0,12632.0,69.8,26.0,4.0,0.0,Dec-2015,Jul-1993
6000.0, 36 months,9.8,193.05,B,B3,3 years,RENT,41500.0,Verified,credit_card,19.81,1.0,675.0,679.0,9.0,0.0,5513.0,22.1,27.0,0.0,0.0,Dec-2015,Nov-2004
12000.0, 60 months,12.88,272.31,C,C2,10+ years,OWN,100000.0,Not Verified,credit_card,12.31,3.0,660.0,664.0,12.0,0.0,11078.0,49.6,20.0,1.0,0.0,Dec-2015,May-2002
24000.0, 36 months,8.49,757.51,B,B1,8 years,MORTGAGE,72000.0,Not Verified,debt_consolidation,22.8,0.0,715.0,719.0,16.0,0.0,20014.0,34.3,52.0,0.0,0.0,Dec-2015,Aug-1997
35000.0, 36 months,15.77,1226.53,D,D1,< 1 year,RENT,84468.0,Source Verified,debt_consolidation,16.85,1.0,665.0,669.0,13.0,0.0,23127.0,55.9,35.0,1.0,0.0,Dec-2015,Nov-1994
15000.0, 36 months,9.17,478.19,B,B2,10+ years,RENT,45000.0,Not Verified,debt_consolidation,16.93,1.0,660.0,664.0,6.0,1.0,9481.0,55.0,22.0,1.0,1.0,Dec-2015,Feb-1994
35000.0, 36 months,16.59,1240.72,D,D2,10+ years,MORTGAGE,105000.0,Verified,credit_card,27.22,0.0,700.0,704.0,15.0,0.0,40781.0,66.3,24.0,3.0,0.0,Dec-2015,Dec-1993
3600.0, 36 months,11.48,118.68,B,B5,3 years,MORTGAGE,55000.0,Source Verified,debt_consolidation,14.1,0.0,720.0,724.0,16.0,1.0,3279.0,58.6,27.0,1.0,1.0,Dec-2015,May-2005
25000.0, 36 months,5.32,752.87,A,A1,10+ years,RENT,99000.0,Not Verified,credit_card,18.47,0.0,745.0,749.0,20.0,0.0,45023.0,43.3,24.0,0.0,0.0,Dec-2015,Oct-1997
5000.0, 36 months,5.32,150.58,A,A1,8 years,MORTGAGE,130000.0,Not Verified,debt_consolidation,10.44,0.0,720.0,724.0,9.0,0.0,16709.0,25.1,27.0,4.0,0.0,Dec-2015,Nov-1998
18000.0, 36 months,11.99,597.78,C,C1,9 years,RENT,41000.0,Not Verified,debt_consolidation,38.35,0.0,690.0,694.0,12.0,0.0,18982.0,61.8,20.0,0.0,0.0,Dec-2015,May-2009
5000.0, 36 months,9.8,160.87,B,B3,6 years,OWN,72000.0,Not Verified,other,6.52,0.0,710.0,714.0,11.0,1.0,4838.0,56.3,20.0,2.0,1.0,Dec-2015,Jan-2002
24000.0, 60 months,23.13,678.37,F,F2,6 years,MORTGAGE,104000.0,Verified,debt_consolidation,24.75,0.0,665.0,669.0,25.0,0.0,31376.0,87.4,33.0,1.0,0.0,Dec-2015,Dec-2002
6000.0, 36 months,10.78,195.81,B,B4,10+ years,MORTGAGE,66000.0,Not Verified,car,19.96,1.0,695.0,699.0,11.0,0.0,3731.0,23.9,28.0,1.0,0.0,Dec-2015,Nov-1987
35000.0, 60 months,14.85,829.9,C,C5,10+ years,OWN,90000.0,Verified,debt_consolidation,19.13,0.0,725.0,729.0,12.0,0.0,17669.0,66.4,24.0,2.0,0.0,Dec-2015,Nov-1990
19800.0, 36 months,11.99,657.55,C,C1,3 years,RENT,45000.0,Not Verified,debt_consolidation,23.47,0.0,695.0,699.0,12.0,0.0,6477.0,26.5,18.0,0.0,0.0,Dec-2015,Apr-2004
6400.0, 36 months,13.44,217.01,C,C3,10+ years,RENT,54000.0,Source Verified,debt_consolidation,27.44,2.0,680.0,684.0,8.0,0.0,1101.0,21.2,21.0,0.0,0.0,Dec-2015,Jun-2001
25000.0, 60 months,11.48,549.57,B,B5,10+ years,MORTGAGE,135000.0,Not Verified,credit_card,4.65,0.0,705.0,709.0,16.0,0.0,7340.0,13.5,33.0,5.0,0.0,Dec-2015,Oct-2004
20000.0, 36 months,7.49,622.04,A,A4,4 years,RENT,105000.0,Not Verified,debt_consolidation,9.71,1.0,700.0,704.0,4.0,0.0,17047.0,65.8,10.0,1.0,0.0,Dec-2015,Feb-2002
24000.0, 36 months,11.48,791.2,B,B5,3 years,OWN,95000.0,Verified,debt_consolidation,26.89,0.0,675.0,679.0,9.0,0.0,18255.0,102.0,12.0,0.0,0.0,Dec-2015,Oct-2008
20000.0, 36 months,12.88,672.73,C,C2,10+ years,RENT,65000.0,Source Verified,debt_consolidation,16.49,0.0,670.0,674.0,8.0,1.0,6711.0,83.9,18.0,2.0,0.0,Dec-2015,Mar-2000
28000.0, 60 months,11.99,622.71,C,C1,1 year,MORTGAGE,82000.0,Not Verified,home_improvement,10.57,0.0,820.0,824.0,15.0,0.0,2112.0,2.0,29.0,2.0,0.0,Dec-2015,Dec-2006
28000.0, 60 months,8.49,574.33,B,B1,5 years,MORTGAGE,95000.0,Source Verified,credit_card,19.6,0.0,710.0,714.0,24.0,0.0,30169.0,31.8,62.0,2.0,0.0,Dec-2015,Dec-2003
20000.0, 60 months,15.77,483.93,D,D1,6 years,RENT,57000.0,Verified,debt_consolidation,21.09,0.0,680.0,684.0,7.0,0.0,19727.0,98.1,20.0,0.0,0.0,Dec-2015,Jun-2001
24000.0, 36 months,9.17,765.1,B,B2,10+ years,MORTGAGE,75000.0,Source Verified,debt_consolidation,10.11,0.0,660.0,664.0,14.0,1.0,11763.0,39.5,25.0,3.0,1.0,Dec-2015,May-1985
31500.0, 60 months,11.99,700.55,C,C1,10+ years,MORTGAGE,120000.0,Source Verified,debt_consolidation,10.55,0.0,755.0,759.0,7.0,0.0,9374.0,25.5,20.0,2.0,0.0,Dec-2015,Jun-1997
4550.0, 36 months,10.78,148.49,B,B4,5 years,MORTGAGE,78000.0,Not Verified,small_business,26.08,0.0,670.0,674.0,16.0,1.0,11665.0,56.1,34.0,1.0,0.0,Dec-2015,Nov-1997
10000.0, 36 months,9.17,318.79,B,B2,4 years,RENT,35000.0,Not Verified,debt_consolidation,10.55,0.0,705.0,709.0,7.0,0.0,7697.0,37.0,12.0,0.0,0.0,Dec-2015,May-1996
8000.0, 36 months,6.99,246.99,A,A3,,MORTGAGE,45000.0,Not Verified,home_improvement,15.15,0.0,790.0,794.0,12.0,0.0,5890.0,23.7,26.0,1.0,0.0,Dec-2015,Sep-2002
20000.0, 36 months,9.17,637.58,B,B2,2 years,RENT,95750.0,Source Verified,debt_consolidation,19.14,1.0,685.0,689.0,11.0,0.0,5248.0,27.9,22.0,0.0,0.0,Dec-2015,Dec-1997
14950.0, 60 months,18.99,387.73,E,E1,10+ years,MORTGAGE,68000.0,Verified,debt_consolidation,31.36,1.0,685.0,689.0,11.0,1.0,5549.0,57.0,40.0,2.0,1.0,Dec-2015,Jul-2005
35000.0, 36 months,12.88,1177.27,C,C2,4 years,RENT,98000.0,Source Verified,debt_consolidation,18.93,0.0,690.0,694.0,11.0,0.0,40023.0,40.4,24.0,1.0,0.0,Dec-2015,Jul-1998
20400.0, 60 months,18.49,523.48,D,D5,2 years,MORTGAGE,75000.0,Source Verified,credit_card,38.65,2.0,725.0,729.0,22.0,0.0,24345.0,42.6,49.0,3.0,0.0,Dec-2015,Sep-1983
21000.0, 36 months,11.99,697.41,C,C1,5 years,MORTGAGE,63000.0,Not Verified,debt_consolidation,28.69,0.0,685.0,689.0,15.0,0.0,20519.0,56.8,24.0,0.0,0.0,Dec-2015,Oct-2001
1800.0, 36 months,7.49,55.99,A,A4,10+ years,MORTGAGE,50000.0,Source Verified,credit_card,8.28,0.0,690.0,694.0,6.0,0.0,12327.0,63.2,12.0,1.0,0.0,Dec-2015,Dec-2001
3000.0, 36 months,6.49,91.94,A,A2,10+ years,MORTGAGE,75000.0,Source Verified,home_improvement,13.38,0.0,685.0,689.0,10.0,1.0,7682.0,74.6,18.0,2.0,1.0,Dec-2015,Mar-1996
8000.0, 36 months,10.78,261.08,B,B4,< 1 year,MORTGAGE,45000.0,Not Verified,debt_consolidation,21.23,0.0,670.0,674.0,28.0,0.0,11141.0,35.5,69.0,2.0,0.0,Dec-2015,Jan-1998
20000.0, 36 months,9.8,643.47,B,B3,5 years,RENT,75000.0,Not Verified,debt_consolidation,23.45,0.0,725.0,729.0,14.0,0.0,7558.0,9.6,26.0,1.0,0.0,Dec-2015,May-1992
12000.0, 60 months,12.88,272.31,C,C2,10+ years,MORTGAGE,90000.0,Not Verified,debt_consolidation,12.62,0.0,660.0,664.0,11.0,1.0,8275.0,30.6,30.0,4.0,1.0,Dec-2015,Apr-2002
35000.0, 36 months,7.91,1095.33,A,A5,4 years,OWN,145000.0,Source Verified,credit_card,13.77,0.0,710.0,714.0,11.0,0.0,26666.0,50.6,19.0,5.0,0.0,Dec-2015,Apr-1990
6600.0, 36 months,19.48,243.54,E,E2,4 years,MORTGAGE,240000.0,Source Verified,debt_consolidation,7.04,2.0,660.0,664.0,10.0,5.0,1604.0,18.0,17.0,1.0,0.0,Dec-2015,Aug-2002
2000.0, 36 months,8.49,63.13,B,B1,8 years,MORTGAGE,140000.0,Source Verified,other,6.78,0.0,845.0,850.0,7.0,0.0,4110.0,6.8,16.0,2.0,0.0,Dec-2015,Nov-1985
12000.0, 36 months,10.78,391.62,B,B4,2 years,MORTGAGE,85000.0,Source Verified,debt_consolidation,24.06,0.0,680.0,684.0,18.0,0.0,13616.0,46.3,40.0,4.0,0.0,Dec-2015,Apr-2000
15600.0, 36 months,8.49,492.39,B,B1,5 years,OWN,38000.0,Not Verified,debt_consolidation,17.59,0.0,710.0,714.0,13.0,0.0,13399.0,29.7,17.0,0.0,0.0,Dec-2015,Oct-1983
21000.0, 36 months,9.17,669.46,B,B2,< 1 year,MORTGAGE,110000.0,Not Verified,debt_consolidation,22.5,1.0,700.0,704.0,14.0,5.0,24093.0,46.1,20.0,0.0,0.0,Dec-2015,Nov-1997
20000.0, 60 months,18.99,518.71,E,E1,1 year,OWN,52000.0,Source Verified,credit_card,26.93,0.0,665.0,669.0,17.0,0.0,14786.0,52.2,43.0,1.0,0.0,Dec-2015,Aug-2002
6000.0, 36 months,16.59,212.7,D,D2,2 years,RENT,40000.0,Not Verified,debt_consolidation,10.8,0.0,660.0,664.0,6.0,0.0,3510.0,46.8,10.0,0.0,0.0,Dec-2015,Feb-2009
24000.0, 60 months,10.78,519.19,B,B4,2 years,MORTGAGE,110000.0,Verified,debt_consolidation,20.82,0.0,735.0,739.0,15.0,0.0,26534.0,34.6,35.0,4.0,0.0,Dec-2015,Jun-1983
24000.0, 36 months,7.91,751.08,A,A5,9 years,MORTGAGE,100000.0,Not Verified,debt_consolidation,26.83,1.0,675.0,679.0,21.0,0.0,35994.0,56.4,39.0,1.0,0.0,Dec-2015,May-1993
12700.0, 36 months,17.97,458.95,D,D4,3 years,RENT,32760.0,Not Verified,debt_consolidation,34.32,0.0,675.0,679.0,21.0,0.0,11472.0,38.1,30.0,0.0,0.0,Dec-2015,Sep-2004
20000.0, 36 months,14.85,691.84,C,C5,10+ years,OWN,120000.0,Not Verified,other,33.29,0.0,685.0,689.0,11.0,0.0,50651.0,91.9,19.0,6.0,0.0,Dec-2015,Sep-1988
16000.0, 36 months,10.78,522.16,B,B4,3 years,RENT,87500.0,Not Verified,debt_consolidation,13.74,0.0,695.0,699.0,13.0,0.0,21151.0,83.9,17.0,0.0,0.0,Dec-2015,Jan-2008
15000.0, 36 months,10.78,489.52,B,B4,3 years,OWN,85000.0,Source Verified,credit_card,10.14,0.0,685.0,689.0,16.0,0.0,8768.0,44.7,21.0,0.0,0.0,Dec-2015,Sep-2009
25000.0, 36 months,11.48,824.17,B,B5,10+ years,RENT,185000.0,Not Verified,debt_consolidation,14.03,0.0,705.0,709.0,10.0,0.0,26265.0,46.8,24.0,0.0,0.0,Dec-2015,Sep-2002
12000.0, 36 months,9.8,386.09,B,B3,< 1 year,MORTGAGE,100000.0,Source Verified,debt_consolidation,12.07,0.0,665.0,669.0,10.0,0.0,24801.0,65.4,44.0,0.0,0.0,Dec-2015,Sep-2000
3200.0, 36 months,10.78,104.44,B,B4,10+ years,MORTGAGE,49000.0,Not Verified,debt_consolidation,25.91,0.0,665.0,669.0,10.0,3.0,5958.0,79.4,21.0,3.0,0.0,Dec-2015,Apr-2000
5000.0, 36 months,14.85,172.96,C,C5,2 years,RENT,67000.0,Source Verified,credit_card,31.08,0.0,670.0,674.0,18.0,0.0,16036.0,57.6,38.0,0.0,0.0,Dec-2015,Oct-1999
5000.0, 36 months,13.44,169.54,C,C3,2 years,RENT,79000.0,Verified,credit_card,12.7,0.0,665.0,669.0,3.0,0.0,9441.0,101.5,5.0,0.0,0.0,Dec-2015,Oct-2011
13000.0, 60 months,13.99,302.42,C,C4,10+ years,RENT,115000.0,Not Verified,home_improvement,9.9,0.0,700.0,704.0,9.0,0.0,16440.0,45.2,21.0,2.0,0.0,Dec-2015,Aug-2001
17125.0, 60 months,27.99,533.1,G,G3,4 years,RENT,45000.0,Source Verified,debt_consolidation,17.44,0.0,660.0,664.0,30.0,1.0,14276.0,40.6,42.0,0.0,1.0,Dec-2015,Apr-2008
20000.0, 36 months,17.27,715.75,D,D3,10+ years,MORTGAGE,50000.0,Not Verified,other,33.75,0.0,705.0,709.0,11.0,0.0,4354.0,58.1,26.0,4.0,0.0,Dec-2015,Mar-2003
24575.0, 60 months,22.45,685.04,F,F1,10+ years,MORTGAGE,92000.0,Verified,debt_consolidation,24.16,0.0,725.0,729.0,8.0,0.0,25225.0,79.3,27.0,3.0,0.0,Dec-2015,Nov-1996
10000.0, 36 months,12.88,336.37,C,C2,< 1 year,MORTGAGE,113000.0,Source Verified,credit_card,21.59,0.0,690.0,694.0,12.0,0.0,20061.0,76.0,27.0,3.0,0.0,Dec-2015,Aug-1985
12425.0, 60 months,18.99,322.25,E,E1,,RENT,24897.72,Not Verified,debt_consolidation,6.62,0.0,720.0,724.0,15.0,0.0,11239.0,18.7,31.0,4.0,0.0,Dec-2015,Oct-1994
18000.0, 36 months,6.99,555.71,A,A3,8 years,MORTGAGE,89000.0,Source Verified,credit_card,13.88,1.0,680.0,684.0,8.0,0.0,20555.0,70.2,21.0,4.0,0.0,Dec-2015,Jan-1988
11200.0, 36 months,8.49,353.51,B,B1,10+ years,MORTGAGE,70000.0,Not Verified,debt_consolidation,15.88,1.0,685.0,689.0,9.0,0.0,21478.0,40.8,28.0,3.0,0.0,Dec-2015,Dec-1996
5000.0, 36 months,7.91,156.48,A,A5,7 years,OWN,38000.0,Source Verified,credit_card,11.78,0.0,695.0,699.0,8.0,0.0,5348.0,47.3,14.0,0.0,0.0,Dec-2015,Sep-1993
35000.0, 36 months,13.99,1196.05,C,C4,10+ years,RENT,100000.0,Source Verified,debt_consolidation,19.43,6.0,665.0,669.0,12.0,0.0,31610.0,80.6,22.0,5.0,0.0,Dec-2015,Jan-1986
5500.0, 36 months,11.99,182.66,C,C1,3 years,RENT,37000.0,Source Verified,debt_consolidation,21.15,0.0,720.0,724.0,7.0,0.0,5914.0,81.0,21.0,0.0,0.0,Dec-2015,Oct-2002
15000.0, 60 months,17.97,380.66,D,D4,2 years,RENT,45500.0,Verified,debt_consolidation,30.95,0.0,700.0,704.0,13.0,0.0,13021.0,37.0,50.0,0.0,0.0,Dec-2015,Jul-1998
20000.0, 36 months,12.88,672.73,C,C2,,OWN,65000.0,Not Verified,debt_consolidation,17.38,2.0,730.0,734.0,15.0,0.0,20914.0,9.8,21.0,0.0,0.0,Dec-2015,Apr-1991
7200.0, 36 months,7.91,225.33,A,A5,< 1 year,RENT,42500.0,Source Verified,credit_card,11.07,5.0,670.0,674.0,10.0,0.0,8187.0,47.1,18.0,0.0,0.0,Dec-2015,Mar-2001
2500.0, 36 months,17.27,89.47,D,D3,10+ years,MORTGAGE,50000.0,Verified,other,17.6,3.0,670.0,674.0,7.0,0.0,732.0,31.1,22.0,0.0,0.0,Dec-2015,Jan-2001
16000.0, 36 months,14.85,553.48,C,C5,2 years,RENT,43000.0,Source Verified,credit_card,17.11,0.0,675.0,679.0,13.0,0.0,10130.0,51.2,16.0,0.0,0.0,Dec-2015,Sep-2010
8400.0, 36 months,9.8,270.26,B,B3,10+ years,RENT,72701.0,Verified,credit_card,20.42,1.0,670.0,674.0,17.0,0.0,6998.0,33.9,48.0,1.0,0.0,Dec-2015,Feb-1995
10000.0, 36 months,12.88,336.37,C,C2,4 years,MORTGAGE,91392.0,Not Verified,house,9.44,0.0,710.0,714.0,13.0,0.0,6959.0,41.7,33.0,3.0,0.0,Dec-2015,Sep-2006
17000.0, 36 months,5.32,511.96,A,A1,5 years,MORTGAGE,98000.0,Source Verified,credit_card,9.21,0.0,755.0,759.0,9.0,0.0,18067.0,29.8,24.0,4.0,0.0,Dec-2015,Mar-2001
3500.0, 36 months,9.8,112.61,B,B3,1 year,MORTGAGE,45000.0,Source Verified,car,22.29,1.0,725.0,729.0,30.0,0.0,3236.0,26.1,66.0,2.0,0.0,Dec-2015,Nov-1993
24000.0, 36 months,7.49,746.44,A,A4,10+ years,RENT,107000.0,Source Verified,car,15.15,0.0,765.0,769.0,13.0,0.0,23594.0,34.8,22.0,0.0,0.0,Dec-2015,Jul-1984
20000.0, 36 months,17.97,722.75,D,D4,7 years,MORTGAGE,180000.0,Not Verified,debt_consolidation,25.1,0.0,660.0,664.0,13.0,0.0,59126.0,92.1,30.0,2.0,0.0,Dec-2015,Apr-1989
4000.0, 36 months,9.17,127.52,B,B2,2 years,RENT,44500.0,Verified,debt_consolidation,15.83,0.0,670.0,674.0,4.0,1.0,502.0,4.2,24.0,3.0,1.0,Dec-2015,Sep-2003
8000.0, 36 months,13.99,273.39,C,C4,,MORTGAGE,50000.0,Not Verified,debt_consolidation,19.85,0.0,680.0,684.0,8.0,0.0,29588.0,83.3,18.0,3.0,0.0,Dec-2015,May-1986
15000.0, 36 months,10.78,489.52,B,B4,10+ years,MORTGAGE,160000.0,Not Verified,debt_consolidation,24.79,0.0,670.0,674.0,13.0,0.0,38681.0,78.8,30.0,5.0,0.0,Dec-2015,Aug-1998
15000.0, 36 months,12.88,504.55,C,C2,10+ years,MORTGAGE,118000.0,Verified,credit_card,23.7,0.0,705.0,709.0,7.0,1.0,18893.0,44.2,19.0,1.0,1.0,Dec-2015,May-1996
15000.0, 36 months,10.78,489.52,B,B4,1 year,RENT,40000.0,Verified,credit_card,10.17,0.0,670.0,674.0,7.0,0.0,12272.0,75.3,9.0,0.0,0.0,Dec-2015,Oct-2006
2000.0, 36 months,11.99,66.42,C,C1,4 years,RENT,35000.0,Source Verified,debt_consolidation,4.01,0.0,660.0,664.0,7.0,1.0,1024.0,17.1,16.0,0.0,0.0,Dec-2015,Mar-2006
11000.0, 60 months,13.99,255.9,C,C4,5 years,MORTGAGE,52000.0,Not Verified,debt_consolidation,5.7,0.0,660.0,664.0,8.0,0.0,8800.0,56.8,8.0,0.0,0.0,Dec-2015,May-2011
20000.0, 60 months,12.88,453.84,C,C2,< 1 year,MORTGAGE,110000.0,Verified,debt_consolidation,23.89,0.0,670.0,674.0,18.0,0.0,28645.0,57.0,33.0,5.0,0.0,Dec-2015,Feb-1987
18000.0, 36 months,6.49,551.61,A,A2,10+ years,MORTGAGE,76000.0,Verified,debt_consolidation,14.4,1.0,755.0,759.0,20.0,0.0,19182.0,26.9,41.0,4.0,0.0,Dec-2015,Nov-1994
4225.0, 36 months,14.85,146.16,C,C5,5 years,RENT,35000.0,Source Verified,debt_consolidation,15.22,2.0,725.0,729.0,6.0,0.0,1058.0,24.6,6.0,0.0,0.0,Dec-2015,Jul-2011
14400.0, 36 months,8.49,454.51,B,B1,< 1 year,RENT,47000.0,Not Verified,debt_consolidation,27.96,0.0,715.0,719.0,13.0,0.0,16702.0,55.3,24.0,0.0,0.0,Dec-2015,Sep-2003
8000.0, 36 months,14.85,276.74,C,C5,2 years,RENT,53040.0,Verified,credit_card,20.54,0.0,660.0,664.0,12.0,1.0,8195.0,63.0,35.0,0.0,1.0,Dec-2015,Jul-2001
10500.0, 36 months,13.99,358.82,C,C4,10+ years,MORTGAGE,110000.0,Not Verified,debt_consolidation,30.73,1.0,660.0,664.0,19.0,0.0,28822.0,81.2,38.0,4.0,0.0,Dec-2015,Jul-1998
2800.0, 36 months,17.27,100.21,D,D3,7 years,RENT,114400.0,Verified,debt_consolidation,6.34,0.0,695.0,699.0,7.0,0.0,0.0,0.0,22.0,0.0,0.0,Dec-2015,Sep-2006
4325.0, 36 months,11.99,143.64,C,C1,10+ years,OWN,90000.0,Not Verified,major_purchase,16.96,1.0,730.0,734.0,17.0,1.0,15676.0,37.8,23.0,3.0,1.0,Dec-2015,Aug-1997
15000.0, 36 months,17.27,536.81,D,D3,7 years,RENT,101000.0,Verified,debt_consolidation,39.87,0.0,660.0,664.0,16.0,1.0,23901.0,71.3,36.0,2.0,1.0,Dec-2015,Jan-1989
16000.0, 60 months,13.44,367.67,C,C3,1 year,RENT,42000.0,Not Verified,credit_card,9.6,0.0,670.0,674.0,29.0,0.0,11834.0,44.8,48.0,0.0,0.0,Dec-2015,Apr-2002
11000.0, 36 months,9.17,350.67,B,B2,10+ years,MORTGAGE,69000.0,Not Verified,credit_card,21.34,0.0,680.0,684.0,9.0,0.0,8137.0,84.8,18.0,2.0,0.0,Dec-2015,Sep-2004
5000.0, 36 months,5.32,150.58,A,A1,10+ years,MORTGAGE,60000.0,Not Verified,debt_consolidation,19.22,0.0,730.0,734.0,7.0,0.0,5832.0,16.9,19.0,2.0,0.0,Dec-2015,Nov-2001
20000.0, 36 months,6.99,617.46,A,A3,10+ years,MORTGAGE,120000.0,Not Verified,credit_card,16.8,0.0,685.0,689.0,11.0,0.0,35896.0,61.1,40.0,10.0,0.0,Dec-2015,Aug-1987
35000.0, 36 months,11.99,1162.34,C,C1,10+ years,RENT,130000.0,Source Verified,debt_consolidation,19.75,0.0,710.0,714.0,15.0,0.0,41206.0,62.5,20.0,0.0,0.0,Dec-2015,May-1997
30000.0, 36 months,14.85,1037.76,C,C5,10+ years,MORTGAGE,112000.0,Source Verified,debt_consolidation,19.07,2.0,670.0,674.0,23.0,0.0,26552.0,47.6,43.0,1.0,0.0,Dec-2015,Jan-2001
15000.0, 60 months,19.89,396.5,E,E3,9 years,RENT,50000.0,Verified,debt_consolidation,21.87,0.0,690.0,694.0,23.0,0.0,6431.0,26.8,31.0,0.0,0.0,Dec-2015,Jun-2009
24000.0, 60 months,18.99,622.45,E,E1,4 years,RENT,230000.0,Source Verified,debt_consolidation,14.44,0.0,675.0,679.0,13.0,2.0,14966.0,39.7,65.0,5.0,1.0,Dec-2015,Aug-2003
21875.0, 36 months,11.99,726.46,C,C1,< 1 year,RENT,47590.0,Source Verified,credit_card,17.76,0.0,700.0,704.0,9.0,0.0,24882.0,57.1,14.0,0.0,0.0,Dec-2015,Apr-2001
20000.0, 60 months,11.99,444.79,C,C1,4 years,MORTGAGE,155000.0,Source Verified,house,22.47,1.0,710.0,714.0,17.0,0.0,12740.0,34.8,25.0,3.0,0.0,Dec-2015,Nov-1994
11200.0, 36 months,5.32,337.29,A,A1,2 years,MORTGAGE,82500.0,Not Verified,credit_card,14.79,0.0,825.0,829.0,8.0,0.0,2721.0,6.0,25.0,4.0,0.0,Dec-2015,Feb-1984
21150.0, 36 months,15.77,741.18,D,D1,5 years,MORTGAGE,52000.0,Source Verified,debt_consolidation,26.17,0.0,685.0,689.0,10.0,1.0,16582.0,63.5,32.0,3.0,0.0,Dec-2015,Apr-1998
6000.0, 36 months,5.32,180.69,A,A1,5 years,MORTGAGE,72000.0,Source Verified,debt_consolidation,17.08,1.0,690.0,694.0,11.0,0.0,23785.0,87.8,22.0,5.0,0.0,Dec-2015,Apr-1985
20000.0, 36 months,7.49,622.04,A,A4,10+ years,MORTGAGE,106000.0,Not Verified,debt_consolidation,27.2,0.0,705.0,709.0,17.0,0.0,27910.0,54.6,32.0,4.0,0.0,Dec-2015,Jan-2001
7200.0, 36 months,11.48,237.36,B,B5,10+ years,MORTGAGE,72500.0,Verified,home_improvement,8.47,0.0,725.0,729.0,5.0,0.0,5449.0,35.2,7.0,2.0,0.0,Dec-2015,Aug-2004
11000.0, 36 months,11.48,362.64,B,B5,4 years,MORTGAGE,75000.0,Verified,debt_consolidation,10.78,0.0,665.0,669.0,6.0,1.0,13383.0,92.3,13.0,5.0,0.0,Dec-2015,Sep-1992
21000.0, 60 months,9.8,444.13,B,B3,7 years,RENT,125000.0,Not Verified,other,6.2,0.0,750.0,754.0,16.0,0.0,4994.0,3.2,21.0,0.0,0.0,Dec-2015,May-2003
14000.0, 36 months,9.8,450.43,B,B3,4 years,MORTGAGE,175000.0,Source Verified,credit_card,25.43,0.0,690.0,694.0,19.0,2.0,41039.0,83.2,38.0,5.0,0.0,Dec-2015,Dec-1999
8000.0, 36 months,11.48,263.74,B,B5,< 1 year,RENT,21610.0,Verified,credit_card,31.06,0.0,705.0,709.0,9.0,0.0,8898.0,48.4,10.0,0.0,0.0,Dec-2015,Dec-2009
5400.0, 36 months,9.8,173.74,B,B3,2 years,RENT,80000.0,Source Verified,debt_consolidation,18.17,3.0,665.0,669.0,11.0,0.0,10446.0,75.2,19.0,0.0,0.0,Dec-2015,Oct-2005
20000.0, 36 months,7.49,622.04,A,A4,10+ years,MORTGAGE,100000.0,Not Verified,credit_card,12.18,0.0,735.0,739.0,9.0,0.0,44737.0,46.8,18.0,2.0,0.0,Dec-2015,Jul-1999
30000.0, 36 months,15.77,1051.31,D,D1,2 years,MORTGAGE,175000.0,Not Verified,home_improvement,18.5,0.0,725.0,729.0,9.0,0.0,21831.0,50.3,23.0,3.0,0.0,Dec-2015,Aug-1997
24000.0, 36 months,5.32,722.76,A,A1,10+ years,MORTGAGE,200000.0,Source Verified,debt_consolidation,22.55,0.0,710.0,714.0,16.0,0.0,99614.0,61.6,26.0,2.0,0.0,Dec-2015,Oct-1999
21000.0, 60 months,13.99,488.53,C,C4,< 1 year,RENT,52000.0,Source Verified,credit_card,14.47,0.0,680.0,684.0,5.0,0.0,20374.0,87.4,15.0,0.0,0.0,Dec-2015,Jan-2005
11000.0, 36 months,13.99,375.91,C,C4,3 years,RENT,65000.0,Verified,debt_consolidation,21.88,0.0,670.0,674.0,13.0,0.0,9862.0,64.5,28.0,0.0,0.0,Dec-2015,Dec-2002
10000.0, 36 months,6.99,308.73,A,A3,5 years,RENT,220000.0,Not Verified,debt_consolidation,4.76,0.0,710.0,714.0,8.0,1.0,6666.0,47.6,14.0,2.0,1.0,Dec-2015,Nov-2003
6425.0, 36 months,15.77,225.16,D,D1,1 year,RENT,41000.0,Not Verified,debt_consolidation,2.87,1.0,670.0,674.0,4.0,1.0,476.0,7.0,13.0,0.0,1.0,Dec-2015,Mar-2002
25000.0, 36 months,8.49,789.08,B,B1,3 years,MORTGAGE,135000.0,Not Verified,debt_consolidation,22.37,2.0,715.0,719.0,8.0,1.0,115040.0,37.3,22.0,1.0,0.0,Dec-2015,Oct-1998
15750.0, 36 months,16.59,558.33,D,D2,8 years,RENT,50000.0,Verified,debt_consolidation,21.96,0.0,675.0,679.0,18.0,0.0,8770.0,65.9,49.0,0.0,0.0,Dec-2015,Nov-2001
3200.0, 36 months,9.8,102.96,B,B3,,MORTGAGE,24000.0,Not Verified,credit_card,18.05,1.0,670.0,674.0,7.0,0.0,5090.0,32.4,24.0,4.0,0.0,Dec-2015,Apr-1993
15000.0, 60 months,13.44,344.69,C,C3,7 years,OWN,43500.0,Verified,debt_consolidation,24.61,0.0,665.0,669.0,10.0,0.0,7989.0,57.9,18.0,1.0,0.0,Dec-2015,Dec-1995
10000.0, 60 months,12.88,226.92,C,C2,10+ years,RENT,33000.0,Not Verified,credit_card,23.23,1.0,665.0,669.0,8.0,0.0,13034.0,48.8,18.0,0.0,0.0,Dec-2015,Jul-1989
18900.0, 36 months,12.88,635.73,C,C2,5 years,RENT,45000.0,Source Verified,debt_consolidation,30.45,0.0,660.0,664.0,14.0,0.0,13106.0,69.3,31.0,0.0,0.0,Dec-2015,Oct-2001
13875.0, 60 months,11.99,308.58,C,C1,10+ years,MORTGAGE,32500.0,Source Verified,credit_card,23.53,0.0,710.0,714.0,7.0,0.0,10580.0,81.4,15.0,1.0,0.0,Dec-2015,Mar-2001
16100.0, 36 months,17.27,576.18,D,D3,10+ years,MORTGAGE,50000.0,Not Verified,debt_consolidation,15.96,0.0,685.0,689.0,10.0,0.0,24765.0,97.5,17.0,1.0,0.0,Dec-2015,Mar-2003
35000.0, 60 months,18.49,898.13,D,D5,10+ years,OWN,160000.0,Source Verified,debt_consolidation,14.65,1.0,695.0,699.0,18.0,0.0,90009.0,58.4,31.0,4.0,0.0,Dec-2015,Feb-1980
16000.0, 36 months,10.78,522.16,B,B4,5 years,RENT,63000.0,Not Verified,debt_consolidation,35.19,0.0,670.0,674.0,12.0,0.0,20672.0,46.0,22.0,0.0,0.0,Dec-2015,Dec-2006
20000.0, 36 months,6.49,612.89,A,A2,2 years,MORTGAGE,95000.0,Not Verified,debt_consolidation,12.63,0.0,740.0,744.0,9.0,0.0,11020.0,35.5,18.0,3.0,0.0,Dec-2015,Jul-2004
8000.0, 36 months,9.8,257.39,B,B3,6 years,RENT,40000.0,Not Verified,debt_consolidation,25.15,0.0,685.0,689.0,19.0,1.0,11247.0,35.3,25.0,0.0,0.0,Dec-2015,Aug-2010
16000.0, 36 months,13.99,546.77,C,C4,< 1 year,RENT,52000.0,Source Verified,debt_consolidation,33.12,0.0,705.0,709.0,15.0,1.0,7971.0,26.2,19.0,0.0,1.0,Dec-2015,Sep-1995
7200.0, 36 months,9.17,229.53,B,B2,10+ years,MORTGAGE,50000.0,Not Verified,debt_consolidation,19.25,0.0,675.0,679.0,13.0,0.0,9051.0,47.6,25.0,3.0,0.0,Dec-2015,Aug-1987
6025.0, 36 months,14.85,208.42,C,C5,10+ years,RENT,110000.0,Verified,debt_consolidation,21.32,1.0,665.0,669.0,17.0,1.0,7047.0,38.4,37.0,2.0,1.0,Dec-2015,Oct-1999
15850.0, 60 months,23.13,448.01,F,F2,10+ years,OWN,45000.0,Not Verified,debt_consolidation,34.85,0.0,755.0,759.0,18.0,0.0,8799.0,21.3,24.0,0.0,0.0,Dec-2015,Jan-2007
25000.0, 36 months,13.99,854.32,C,C4,6 years,RENT,85000.0,Source Verified,debt_consolidation,11.11,0.0,670.0,674.0,15.0,0.0,21139.0,65.6,26.0,0.0,0.0,Dec-2015,Oct-2002
15000.0, 36 months,9.8,482.61,B,B3,10+ years,RENT,60000.0,Not Verified,credit_card,25.56,0.0,720.0,724.0,19.0,0.0,15448.0,25.5,53.0,3.0,0.0,Dec-2015,Dec-1977
12000.0, 60 months,16.59,295.6,D,D2,10+ years,MORTGAGE,101000.0,Not Verified,debt_consolidation,22.96,0.0,685.0,689.0,14.0,0.0,9562.0,46.9,26.0,4.0,0.0,Dec-2015,Jun-2004
12000.0, 36 months,6.49,367.74,A,A2,3 years,MORTGAGE,73000.0,Not Verified,credit_card,14.75,0.0,715.0,719.0,6.0,0.0,12494.0,65.4,8.0,1.0,0.0,Dec-2015,Apr-2000
4475.0, 36 months,16.59,158.64,D,D2,10+ years,RENT,114000.0,Not Verified,credit_card,8.36,4.0,670.0,674.0,5.0,1.0,5153.0,44.0,40.0,1.0,1.0,Dec-2015,Jul-2000
7500.0, 36 months,16.59,265.87,D,D2,3 years,OWN,50000.0,Source Verified,home_improvement,26.76,1.0,665.0,669.0,12.0,0.0,6731.0,44.6,31.0,1.0,0.0,Dec-2015,Jul-2004
30000.0, 60 months,13.44,689.37,C,C3,10+ years,MORTGAGE,70000.0,Source Verified,home_improvement,12.08,0.0,700.0,704.0,12.0,0.0,19212.0,52.8,33.0,2.0,0.0,Dec-2015,Jun-1994
15000.0, 36 months,8.49,473.45,B,B1,6 years,MORTGAGE,110000.0,Not Verified,credit_card,13.24,0.0,670.0,674.0,16.0,1.0,19029.0,41.4,33.0,4.0,1.0,Dec-2015,Dec-2002
7000.0, 36 months,7.49,217.72,A,A4,10+ years,MORTGAGE,59000.0,Not Verified,credit_card,13.06,1.0,730.0,734.0,10.0,0.0,10467.0,24.2,34.0,3.0,0.0,Dec-2015,Oct-1996
15000.0, 36 months,11.99,498.15,C,C1,1 year,MORTGAGE,65000.0,Source Verified,debt_consolidation,17.56,0.0,665.0,669.0,9.0,0.0,13028.0,88.3,16.0,1.0,0.0,Dec-2015,Aug-2004
20000.0, 36 months,6.99,617.46,A,A3,1 year,MORTGAGE,100000.0,Not Verified,debt_consolidation,7.1,0.0,760.0,764.0,8.0,0.0,2227.0,5.8,16.0,2.0,0.0,Dec-2015,Apr-2003
30000.0, 36 months,7.49,933.05,A,A4,3 years,MORTGAGE,130000.0,Verified,credit_card,9.82,0.0,720.0,724.0,11.0,0.0,39025.0,28.0,23.0,2.0,0.0,Dec-2015,Apr-1987
20000.0, 60 months,9.8,422.98,B,B3,5 years,MORTGAGE,52000.0,Not Verified,debt_consolidation,17.75,0.0,745.0,749.0,15.0,0.0,20576.0,33.0,28.0,2.0,0.0,Dec-2015,Nov-2004
15200.0, 60 months,13.99,353.6,C,C4,10+ years,OWN,69998.0,Verified,debt_consolidation,14.52,0.0,660.0,664.0,7.0,1.0,19434.0,85.6,15.0,1.0,0.0,Dec-2015,Nov-2005
28500.0, 60 months,18.99,739.15,E,E1,< 1 year,MORTGAGE,70000.0,Source Verified,debt_consolidation,29.37,0.0,690.0,694.0,16.0,0.0,21710.0,77.0,29.0,0.0,0.0,Dec-2015,Sep-2001
15000.0, 60 months,12.88,340.38,C,C2,10+ years,OWN,50000.0,Not Verified,debt_consolidation,30.08,0.0,805.0,809.0,9.0,0.0,75205.0,9.5,11.0,0.0,0.0,Dec-2015,Nov-1984
10000.0, 36 months,9.17,318.79,B,B2,10+ years,MORTGAGE,59307.0,Not Verified,credit_card,32.7,1.0,690.0,694.0,17.0,0.0,24399.0,59.5,30.0,1.0,0.0,Dec-2015,Oct-1996
13000.0, 60 months,16.59,320.23,D,D2,< 1 year,RENT,40000.0,Verified,debt_consolidation,16.74,0.0,660.0,664.0,6.0,0.0,18114.0,100.6,17.0,0.0,0.0,Dec-2015,Sep-2000
5000.0, 36 months,6.99,154.37,A,A3,10+ years,MORTGAGE,61000.0,Source Verified,debt_consolidation,30.53,4.0,710.0,714.0,15.0,0.0,11513.0,29.5,44.0,3.0,0.0,Dec-2015,May-2001
10175.0, 36 months,9.8,327.37,B,B3,3 years,MORTGAGE,65000.0,Verified,debt_consolidation,28.03,0.0,690.0,694.0,15.0,0.0,15592.0,57.0,40.0,6.0,0.0,Dec-2015,Oct-2000
19000.0, 36 months,10.78,620.06,B,B4,10+ years,MORTGAGE,155000.0,Not Verified,debt_consolidation,18.42,0.0,665.0,669.0,7.0,0.0,14815.0,75.2,27.0,4.0,0.0,Dec-2015,Sep-2003
5000.0, 36 months,9.8,160.87,B,B3,10+ years,OWN,92000.0,Verified,credit_card,16.01,1.0,670.0,674.0,19.0,0.0,22216.0,53.8,38.0,4.0,0.0,Dec-2015,Jan-1992
15000.0, 36 months,5.32,451.73,A,A1,10+ years,MORTGAGE,44000.0,Source Verified,home_improvement,15.34,0.0,685.0,689.0,7.0,0.0,17003.0,50.3,21.0,2.0,0.0,Dec-2015,Jun-2002
25000.0, 36 months,5.32,752.87,A,A1,1 year,MORTGAGE,150000.0,Not Verified,credit_card,9.54,0.0,795.0,799.0,7.0,0.0,19339.0,42.5,18.0,7.0,0.0,Dec-2015,Feb-1996
20000.0, 36 months,5.32,602.3,A,A1,2 years,MORTGAGE,187000.0,Not Verified,debt_consolidation,14.68,0.0,765.0,769.0,20.0,0.0,18711.0,25.9,37.0,4.0,0.0,Dec-2015,Dec-2000
21600.0, 36 months,6.99,666.85,A,A3,1 year,MORTGAGE,120000.0,Source Verified,debt_consolidation,15.84,0.0,715.0,719.0,12.0,0.0,24339.0,59.8,26.0,3.0,0.0,Dec-2015,Aug-2003
20825.0, 60 months,16.59,512.98,D,D2,10+ years,MORTGAGE,81500.0,Verified,debt_consolidation,24.59,2.0,675.0,679.0,4.0,1.0,2187.0,34.0,9.0,1.0,1.0,Dec-2015,Nov-1995
22600.0, 36 months,15.77,791.99,D,D1,3 years,MORTGAGE,53867.0,Not Verified,debt_consolidation,25.31,0.0,675.0,679.0,33.0,0.0,23959.0,53.5,46.0,0.0,0.0,Dec-2015,Sep-2004
21000.0, 36 months,9.17,669.46,B,B2,< 1 year,RENT,80000.0,Source Verified,debt_consolidation,14.69,0.0,705.0,709.0,9.0,0.0,21065.0,48.1,28.0,1.0,0.0,Dec-2015,Feb-2004
10000.0, 36 months,10.78,326.35,B,B4,10+ years,MORTGAGE,125000.0,Not Verified,debt_consolidation,19.92,1.0,685.0,689.0,19.0,0.0,13001.0,24.0,38.0,4.0,0.0,Dec-2015,Jun-1998
19200.0, 60 months,10.78,415.36,B,B4,< 1 year,RENT,65000.0,Not Verified,debt_consolidation,15.5,0.0,690.0,694.0,19.0,0.0,19014.0,74.9,26.0,0.0,0.0,Dec-2015,Dec-2001
27300.0, 36 months,17.27,977.0,D,D3,10+ years,MORTGAGE,65000.0,Not Verified,home_improvement,25.63,0.0,660.0,664.0,14.0,0.0,31035.0,83.0,38.0,2.0,0.0,Dec-2015,Nov-2002
17600.0, 36 months,5.32,530.03,A,A1,< 1 year,MORTGAGE,88000.0,Source Verified,credit_card,26.59,0.0,780.0,784.0,20.0,0.0,12203.0,34.4,42.0,5.0,0.0,Dec-2015,May-2001
5875.0, 36 months,7.91,183.86,A,A5,5 years,RENT,70000.0,Not Verified,debt_consolidation,9.53,0.0,670.0,674.0,9.0,1.0,5814.0,45.1,18.0,0.0,0.0,Dec-2015,Nov-2002
12000.0, 36 months,7.91,375.54,A,A5,10+ years,MORTGAGE,71000.0,Not Verified,debt_consolidation,24.86,1.0,715.0,719.0,27.0,0.0,42125.0,38.3,65.0,5.0,0.0,Dec-2015,Sep-1989
35000.0, 60 months,11.99,778.38,C,C1,2 years,MORTGAGE,175000.0,Source Verified,debt_consolidation,33.8,0.0,725.0,729.0,21.0,0.0,290575.0,37.8,28.0,0.0,0.0,Dec-2015,Feb-1992
7200.0, 36 months,17.27,257.67,D,D3,9 years,OWN,20000.0,Verified,debt_consolidation,13.21,1.0,705.0,709.0,8.0,0.0,7302.0,32.6,17.0,0.0,0.0,Dec-2015,Apr-2003
20000.0, 36 months,12.88,672.73,C,C2,10+ years,MORTGAGE,145000.0,Not Verified,debt_consolidation,12.28,0.0,695.0,699.0,12.0,0.0,22551.0,80.2,21.0,5.0,0.0,Dec-2015,Feb-2004
16000.0, 36 months,17.27,572.6,D,D3,6 years,RENT,54000.0,Verified,debt_consolidation,20.73,0.0,715.0,719.0,10.0,0.0,4280.0,27.8,16.0,0.0,0.0,Dec-2015,Jun-2002
30000.0, 36 months,12.88,1009.09,C,C2,9 years,RENT,84000.0,Not Verified,debt_consolidation,24.39,1.0,700.0,704.0,8.0,0.0,2204.0,21.8,26.0,0.0,0.0,Dec-2015,May-2002
12000.0, 36 months,10.78,391.62,B,B4,3 years,RENT,40000.0,Not Verified,credit_card,31.95,3.0,665.0,669.0,16.0,0.0,11008.0,41.4,22.0,0.0,0.0,Dec-2015,May-2008
4675.0, 36 months,17.27,167.31,D,D3,< 1 year,MORTGAGE,13000.0,Not Verified,credit_card,34.07,1.0,675.0,679.0,6.0,0.0,3394.0,44.1,23.0,0.0,0.0,Dec-2015,Nov-1996
14000.0, 36 months,13.44,474.69,C,C3,1 year,MORTGAGE,40000.0,Not Verified,debt_consolidation,37.39,0.0,670.0,674.0,14.0,0.0,16328.0,63.8,20.0,2.0,0.0,Dec-2015,Sep-1991
20000.0, 60 months,14.85,474.23,C,C5,5 years,OWN,75000.0,Not Verified,debt_consolidation,18.76,0.0,705.0,709.0,16.0,0.0,59351.0,89.0,36.0,5.0,0.0,Dec-2015,Apr-1992
9600.0, 36 months,9.17,306.04,B,B2,8 years,MORTGAGE,90000.0,Not Verified,debt_consolidation,15.15,1.0,705.0,709.0,13.0,1.0,7421.0,31.3,23.0,0.0,0.0,Dec-2015,Jan-2005
30000.0, 36 months,13.44,1017.19,C,C3,5 years,MORTGAGE,106000.0,Source Verified,credit_card,14.19,0.0,675.0,679.0,19.0,0.0,19778.0,68.9,31.0,2.0,0.0,Dec-2015,Sep-2007
24000.0, 60 months,12.88,544.61,C,C2,10+ years,MORTGAGE,186000.0,Source Verified,debt_consolidation,8.29,0.0,675.0,679.0,14.0,0.0,19850.0,71.0,44.0,6.0,0.0,Dec-2015,Jul-1994
10000.0, 36 months,8.49,315.63,B,B1,4 years,OWN,35000.0,Not Verified,credit_card,33.54,0.0,705.0,709.0,12.0,0.0,23294.0,44.3,30.0,1.0,0.0,Dec-2015,Nov-1994
12000.0, 36 months,13.99,410.08,C,C4,10+ years,MORTGAGE,90000.0,Source Verified,debt_consolidation,29.15,2.0,670.0,674.0,12.0,0.0,5795.0,82.8,27.0,3.0,0.0,Dec-2015,Jan-2002
2400.0, 36 months,17.27,85.89,D,D3,2 years,MORTGAGE,52000.0,Verified,home_improvement,28.38,1.0,670.0,674.0,16.0,1.0,7763.0,41.5,18.0,0.0,0.0,Dec-2015,Jul-2001
5000.0, 36 months,9.17,159.4,B,B2,,MORTGAGE,74967.0,Verified,other,33.39,0.0,685.0,689.0,9.0,1.0,8770.0,58.5,35.0,7.0,1.0,Dec-2015,Oct-1998
7000.0, 36 months,8.49,220.95,B,B1,3 years,MORTGAGE,100000.0,Not Verified,home_improvement,29.75,2.0,675.0,679.0,18.0,0.0,63792.0,90.5,28.0,1.0,0.0,Dec-2015,Sep-1994
12500.0, 36 months,7.49,388.78,A,A4,10+ years,RENT,52000.0,Not Verified,credit_card,6.83,0.0,705.0,709.0,5.0,0.0,10009.0,80.7,7.0,0.0,0.0,Dec-2015,Apr-2004
20000.0, 36 months,15.77,700.88,D,D1,5 years,RENT,70000.0,Not Verified,house,22.21,0.0,680.0,684.0,24.0,0.0,19077.0,36.6,63.0,1.0,0.0,Dec-2015,Jul-2004
5000.0, 36 months,11.99,166.05,C,C1,8 years,RENT,60000.0,Verified,moving,19.27,0.0,705.0,709.0,13.0,0.0,18425.0,43.0,30.0,0.0,0.0,Dec-2015,Apr-2004
24000.0, 60 months,18.49,615.86,D,D5,10+ years,RENT,165000.0,Source Verified,debt_consolidation,13.05,1.0,660.0,664.0,13.0,1.0,15347.0,79.1,38.0,2.0,1.0,Dec-2015,Mar-2000
10000.0, 36 months,6.49,306.45,A,A2,< 1 year,MORTGAGE,35000.0,Source Verified,home_improvement,19.44,0.0,755.0,759.0,3.0,0.0,4024.0,19.7,14.0,2.0,0.0,Dec-2015,Aug-1995
35000.0, 36 months,7.91,1095.33,A,A5,4 years,MORTGAGE,165000.0,Source Verified,debt_consolidation,18.89,0.0,710.0,714.0,21.0,1.0,53593.0,50.0,34.0,0.0,0.0,Dec-2015,Mar-1997
12000.0, 36 months,13.99,410.08,C,C4,3 years,RENT,50000.0,Verified,debt_consolidation,20.31,0.0,660.0,664.0,13.0,1.0,7167.0,33.0,37.0,0.0,1.0,Dec-2015,Oct-1994
5000.0, 36 months,12.88,168.19,C,C2,7 years,MORTGAGE,60000.0,Not Verified,home_improvement,30.24,2.0,685.0,689.0,10.0,0.0,11687.0,44.9,31.0,1.0,0.0,Dec-2015,Jan-2008
15000.0, 36 months,9.8,482.61,B,B3,3 years,MORTGAGE,92000.0,Not Verified,debt_consolidation,13.89,0.0,680.0,684.0,7.0,2.0,12703.0,35.2,31.0,6.0,1.0,Dec-2015,Nov-2001
15600.0, 60 months,13.44,358.48,C,C3,10+ years,MORTGAGE,52000.0,Not Verified,major_purchase,15.37,0.0,720.0,724.0,6.0,0.0,12329.0,69.3,13.0,3.0,0.0,Dec-2015,Feb-1995
14000.0, 36 months,10.78,456.89,B,B4,,MORTGAGE,120000.0,Source Verified,credit_card,12.52,1.0,705.0,709.0,15.0,0.0,4325.0,62.7,20.0,1.0,0.0,Dec-2015,Jan-2003
16000.0, 36 months,12.88,538.18,C,C2,10+ years,MORTGAGE,91000.0,Source Verified,debt_consolidation,11.78,3.0,665.0,669.0,14.0,0.0,9290.0,40.7,36.0,4.0,0.0,Dec-2015,Nov-2003
10000.0, 60 months,19.48,262.06,E,E2,< 1 year,MORTGAGE,117000.0,Source Verified,small_business,12.73,0.0,735.0,739.0,8.0,0.0,1931.0,14.5,12.0,2.0,0.0,Dec-2015,May-2003
4000.0, 36 months,15.77,140.18,D,D1,1 year,RENT,60000.0,Verified,credit_card,38.02,0.0,695.0,699.0,24.0,0.0,14565.0,30.3,50.0,0.0,0.0,Dec-2015,Aug-2003
2000.0, 36 months,13.44,67.82,C,C3,10+ years,MORTGAGE,119945.0,Verified,debt_consolidation,15.61,0.0,660.0,664.0,21.0,2.0,20627.0,64.7,37.0,6.0,2.0,Dec-2015,May-1997
30000.0, 60 months,27.49,924.87,G,G2,1 year,MORTGAGE,115000.0,Verified,other,17.73,0.0,675.0,679.0,14.0,0.0,50634.0,58.7,20.0,4.0,0.0,Dec-2015,Oct-2001
21000.0, 60 months,13.44,482.56,C,C3,2 years,RENT,54649.0,Source Verified,debt_consolidation,12.14,0.0,670.0,674.0,9.0,1.0,1581.0,26.8,44.0,2.0,1.0,Dec-2015,Oct-1999
8000.0, 36 months,11.99,265.68,C,C1,2 years,RENT,35000.0,Source Verified,debt_consolidation,10.12,0.0,720.0,724.0,10.0,0.0,6352.0,26.9,23.0,0.0,0.0,Dec-2015,Nov-1999
3000.0, 36 months,13.44,101.72,C,C3,2 years,RENT,50740.0,Source Verified,other,17.24,0.0,670.0,674.0,7.0,1.0,7847.0,64.3,13.0,0.0,1.0,Dec-2015,Aug-2002
6000.0, 36 months,11.99,199.26,C,C1,10+ years,RENT,51000.0,Verified,debt_consolidation,25.04,0.0,705.0,709.0,12.0,1.0,7346.0,32.8,39.0,0.0,1.0,Dec-2015,Feb-2001
28000.0, 36 months,5.32,843.22,A,A1,10+ years,MORTGAGE,144000.0,Verified,debt_consolidation,29.88,0.0,715.0,719.0,16.0,0.0,82471.0,69.0,29.0,1.0,0.0,Dec-2015,Oct-1979
18250.0, 60 months,19.89,482.4,E,E3,1 year,OWN,36500.0,Source Verified,debt_consolidation,27.52,0.0,670.0,674.0,25.0,0.0,12330.0,45.5,36.0,2.0,0.0,Dec-2015,Sep-2003
7200.0, 36 months,11.48,237.36,B,B5,1 year,RENT,22000.0,Not Verified,debt_consolidation,23.57,0.0,750.0,754.0,10.0,0.0,1335.0,8.6,10.0,0.0,0.0,Dec-2015,Aug-1999
3600.0, 36 months,10.78,117.49,B,B4,7 years,MORTGAGE,39000.0,Not Verified,credit_card,9.48,0.0,765.0,769.0,4.0,0.0,18838.0,33.6,8.0,3.0,0.0,Dec-2015,Jun-1987
15000.0, 36 months,7.49,466.53,A,A4,,MORTGAGE,45000.0,Verified,debt_consolidation,10.67,3.0,710.0,714.0,10.0,0.0,16173.0,43.5,20.0,2.0,0.0,Dec-2015,Jan-1993
31325.0, 36 months,15.77,1097.75,D,D1,1 year,RENT,157000.0,Source Verified,credit_card,30.13,0.0,690.0,694.0,14.0,0.0,32416.0,70.5,30.0,0.0,0.0,Dec-2015,May-1980
35000.0, 36 months,9.17,1115.77,B,B2,1 year,RENT,105000.0,Source Verified,debt_consolidation,25.07,0.0,690.0,694.0,11.0,0.0,92939.0,85.0,26.0,1.0,0.0,Dec-2015,Jun-1995
6125.0, 36 months,17.27,219.2,D,D3,4 years,RENT,70000.0,Source Verified,debt_consolidation,17.36,0.0,690.0,694.0,9.0,1.0,2275.0,27.1,11.0,1.0,0.0,Dec-2015,Sep-1993
15000.0, 36 months,9.17,478.19,B,B2,10+ years,RENT,48000.0,Source Verified,car,12.2,0.0,680.0,684.0,10.0,1.0,8588.0,60.1,11.0,0.0,1.0,Dec-2015,Feb-1990
12000.0, 36 months,9.17,382.55,B,B2,3 years,RENT,100000.0,Source Verified,debt_consolidation,12.13,0.0,745.0,749.0,11.0,0.0,1435.0,6.1,17.0,0.0,0.0,Dec-2015,Aug-2010
21000.0, 36 months,9.17,669.46,B,B2,4 years,RENT,80000.0,Not Verified,debt_consolidation,23.42,0.0,705.0,709.0,13.0,0.0,24345.0,37.2,19.0,0.0,0.0,Dec-2015,Dec-2006
13475.0, 36 months,7.91,421.7,A,A5,10+ years,OWN,120000.0,Verified,other,19.79,0.0,745.0,749.0,10.0,0.0,29143.0,54.0,17.0,3.0,0.0,Dec-2015,Nov-1989
4800.0, 36 months,11.99,159.41,C,C1,1 year,RENT,45000.0,Source Verified,credit_card,10.29,0.0,670.0,674.0,11.0,0.0,6174.0,78.2,31.0,0.0,0.0,Dec-2015,Aug-2004
25000.0, 36 months,6.99,771.82,A,A3,10+ years,MORTGAGE,127000.0,Source Verified,home_improvement,25.48,1.0,725.0,729.0,10.0,0.0,18828.0,39.1,26.0,3.0,0.0,Dec-2015,Nov-1984
20000.0, 36 months,14.85,691.84,C,C5,6 years,RENT,60000.0,Verified,debt_consolidation,26.02,0.0,715.0,719.0,18.0,0.0,3961.0,19.5,18.0,0.0,0.0,Dec-2015,Aug-1998
30000.0, 60 months,13.44,689.37,C,C3,5 years,MORTGAGE,81000.0,Source Verified,debt_consolidation,12.03,3.0,725.0,729.0,12.0,0.0,18471.0,52.5,18.0,2.0,0.0,Dec-2015,May-1989
10000.0, 36 months,5.32,301.15,A,A1,10+ years,OWN,32500.0,Not Verified,credit_card,12.15,0.0,795.0,799.0,6.0,0.0,11685.0,26.0,14.0,1.0,0.0,Dec-2015,Apr-1995
1000.0, 36 months,11.48,32.97,B,B5,10+ years,RENT,86000.0,Not Verified,major_purchase,20.64,0.0,660.0,664.0,10.0,0.0,26498.0,80.3,22.0,0.0,0.0,Dec-2015,Aug-2000
3600.0, 36 months,13.99,123.03,C,C4,10+ years,MORTGAGE,55000.0,Not Verified,debt_consolidation,5.91,0.0,675.0,679.0,7.0,0.0,2765.0,29.7,13.0,1.0,0.0,Dec-2015,Aug-2003
10000.0, 60 months,13.44,229.79,C,C3,10+ years,RENT,140000.0,Source Verified,debt_consolidation,9.99,0.0,660.0,664.0,12.0,1.0,9190.0,42.7,24.0,1.0,1.0,Dec-2015,Mar-2005
30000.0, 36 months,12.88,1009.09,C,C2,3 years,RENT,100000.0,Verified,debt_consolidation,16.21,0.0,695.0,699.0,14.0,0.0,54554.0,56.0,24.0,0.0,0.0,Dec-2015,Mar-2000
12000.0, 36 months,5.32,361.38,A,A1,,MORTGAGE,110000.0,Not Verified,credit_card,16.19,0.0,745.0,749.0,21.0,0.0,16265.0,25.0,65.0,5.0,0.0,Dec-2015,Aug-1995
14000.0, 36 months,16.59,496.29,D,D2,,MORTGAGE,124596.0,Verified,other,23.73,0.0,685.0,689.0,22.0,0.0,52760.0,88.8,36.0,6.0,0.0,Dec-2015,Sep-1997
11550.0, 60 months,16.59,284.51,D,D2,5 years,RENT,38000.0,Not Verified,credit_card,21.07,0.0,700.0,704.0,9.0,0.0,7179.0,39.7,12.0,0.0,0.0,Dec-2015,Jan-2011
11750.0, 60 months,28.49,369.33,G,G4,1 year,OWN,28000.0,Verified,debt_consolidation,22.16,0.0,690.0,694.0,11.0,0.0,9758.0,25.1,20.0,0.0,0.0,Dec-2015,Jan-2001
4700.0, 36 months,13.44,159.36,C,C3,3 years,RENT,22000.0,Verified,debt_consolidation,17.64,0.0,705.0,709.0,12.0,0.0,4192.0,26.7,19.0,0.0,0.0,Dec-2015,Jun-2007
22000.0, 60 months,17.97,558.3,D,D4,10+ years,MORTGAGE,55000.0,Not Verified,debt_consolidation,22.34,1.0,665.0,669.0,10.0,0.0,39840.0,74.3,25.0,1.0,0.0,Dec-2015,Jul-2000
10000.0, 36 months,5.32,301.15,A,A1,10+ years,MORTGAGE,75000.0,Source Verified,debt_consolidation,5.17,0.0,770.0,774.0,10.0,0.0,13435.0,20.4,30.0,3.0,0.0,Dec-2015,Oct-2003
25825.0, 60 months,26.06,774.14,F,F5,6 years,RENT,68000.0,Verified,debt_consolidation,31.68,0.0,675.0,679.0,18.0,0.0,20769.0,69.7,33.0,0.0,0.0,Dec-2015,Jan-2002
15000.0, 36 months,9.8,482.61,B,B3,2 years,RENT,89000.0,Not Verified,debt_consolidation,19.5,0.0,760.0,764.0,11.0,0.0,6273.0,26.4,24.0,1.0,0.0,Dec-2015,Oct-1996
10175.0, 60 months,19.89,268.96,E,E3,3 years,MORTGAGE,63900.0,Source Verified,credit_card,20.28,1.0,685.0,689.0,27.0,0.0,16428.0,31.5,52.0,2.0,0.0,Dec-2015,Jul-2000
30000.0, 60 months,16.59,738.98,D,D2,10+ years,MORTGAGE,94000.0,Source Verified,debt_consolidation,33.15,1.0,685.0,689.0,14.0,0.0,37424.0,70.7,42.0,5.0,0.0,Dec-2015,Sep-1998
8000.0, 36 months,9.17,255.04,B,B2,2 years,RENT,52000.0,Source Verified,major_purchase,11.86,1.0,665.0,669.0,4.0,0.0,4715.0,26.2,16.0,2.0,0.0,Dec-2015,Feb-2004
5000.0, 36 months,6.49,153.23,A,A2,10+ years,OWN,55000.0,Not Verified,debt_consolidation,29.15,0.0,700.0,704.0,9.0,1.0,11449.0,42.2,15.0,0.0,1.0,Dec-2015,Sep-2007
2400.0, 36 months,11.48,79.12,B,B5,5 years,MORTGAGE,60000.0,Verified,debt_consolidation,24.14,0.0,670.0,674.0,10.0,0.0,13450.0,62.6,22.0,1.0,0.0,Dec-2015,Dec-2007
35000.0, 36 months,13.99,1196.05,C,C4,2 years,MORTGAGE,90000.0,Source Verified,debt_consolidation,10.97,0.0,740.0,744.0,5.0,0.0,2193.0,12.3,7.0,1.0,0.0,Dec-2015,May-2012
13000.0, 60 months,12.88,295.0,C,C2,5 years,MORTGAGE,130000.0,Not Verified,home_improvement,5.51,0.0,705.0,709.0,11.0,0.0,6739.0,29.4,32.0,1.0,0.0,Dec-2015,Jan-2003
1450.0, 36 months,9.17,46.23,B,B2,2 years,MORTGAGE,35000.0,Source Verified,home_improvement,18.59,0.0,675.0,679.0,6.0,0.0,6916.0,69.2,16.0,1.0,0.0,Dec-2015,Aug-2003
12000.0, 36 months,9.8,386.09,B,B3,10+ years,MORTGAGE,103000.0,Source Verified,debt_consolidation,18.54,1.0,680.0,684.0,11.0,0.0,20218.0,74.9,50.0,2.0,0.0,Dec-2015,Jan-1994
4900.0, 36 months,13.44,166.15,C,C3,2 years,MORTGAGE,123000.0,Not Verified,debt_consolidation,25.6,0.0,685.0,689.0,8.0,0.0,4792.0,64.8,16.0,2.0,0.0,Dec-2015,Jan-1988
8000.0, 36 months,13.99,273.39,C,C4,< 1 year,RENT,42000.0,Not Verified,other,23.26,0.0,705.0,709.0,8.0,0.0,4414.0,40.5,10.0,0.0,0.0,Dec-2015,May-2006
18000.0, 36 months,5.32,542.07,A,A1,7 years,OWN,200000.0,Not Verified,debt_consolidation,13.57,0.0,775.0,779.0,18.0,0.0,22476.0,17.6,32.0,1.0,0.0,Dec-2015,Jun-1986
12000.0, 36 months,11.48,395.6,B,B5,7 years,MORTGAGE,85000.0,Source Verified,debt_consolidation,22.87,1.0,720.0,724.0,35.0,0.0,8288.0,31.5,63.0,4.0,0.0,Dec-2015,Mar-2003
15000.0, 36 months,9.8,482.61,B,B3,4 years,RENT,52500.0,Not Verified,debt_consolidation,4.96,0.0,695.0,699.0,8.0,1.0,10459.0,52.3,16.0,3.0,1.0,Dec-2015,Feb-2002
5000.0, 36 months,12.88,168.19,C,C2,10+ years,RENT,48000.0,Source Verified,debt_consolidation,17.48,0.0,690.0,694.0,6.0,1.0,1688.0,41.2,10.0,0.0,0.0,Dec-2015,Sep-2003
8000.0, 36 months,11.48,263.74,B,B5,10+ years,MORTGAGE,42000.0,Not Verified,credit_card,34.8,0.0,700.0,704.0,8.0,0.0,7034.0,39.1,18.0,1.0,0.0,Dec-2015,Nov-1994
7500.0, 36 months,17.97,271.04,D,D4,10+ years,OWN,15000.0,Source Verified,debt_consolidation,37.2,0.0,685.0,689.0,8.0,1.0,7933.0,66.7,14.0,0.0,1.0,Dec-2015,Aug-1998
7000.0, 36 months,16.59,248.15,D,D2,2 years,MORTGAGE,30100.0,Verified,debt_consolidation,25.68,3.0,680.0,684.0,13.0,0.0,13663.0,64.8,30.0,5.0,0.0,Dec-2015,Aug-1995
35000.0, 36 months,16.59,1240.72,D,D2,1 year,RENT,83000.0,Verified,debt_consolidation,25.52,0.0,700.0,704.0,16.0,0.0,35575.0,78.4,33.0,0.0,0.0,Dec-2015,May-1982
20000.0, 36 months,14.85,691.84,C,C5,6 years,RENT,110000.0,Not Verified,credit_card,12.45,0.0,690.0,694.0,8.0,0.0,21374.0,84.5,12.0,0.0,0.0,Dec-2015,Jun-2007
5725.0, 36 months,6.99,176.75,A,A3,3 years,RENT,25000.0,Not Verified,debt_consolidation,12.67,0.0,700.0,704.0,8.0,0.0,5083.0,31.0,13.0,0.0,0.0,Dec-2015,Oct-1978
21850.0, 60 months,17.27,546.21,D,D3,10+ years,MORTGAGE,65000.0,Not Verified,debt_consolidation,12.74,2.0,660.0,664.0,9.0,0.0,8964.0,97.2,32.0,4.0,0.0,Dec-2015,Aug-1984
3600.0, 36 months,11.48,118.68,B,B5,1 year,MORTGAGE,97000.0,Source Verified,car,18.93,1.0,660.0,664.0,16.0,1.0,7696.0,59.7,30.0,2.0,1.0,Dec-2015,Dec-2005
20000.0, 36 months,5.32,602.3,A,A1,< 1 year,MORTGAGE,106000.0,Not Verified,debt_consolidation,20.04,0.0,735.0,739.0,14.0,0.0,16210.0,35.2,28.0,2.0,0.0,Dec-2015,Jan-1999
11000.0, 36 months,6.49,337.09,A,A2,10+ years,MORTGAGE,85000.0,Not Verified,credit_card,15.0,0.0,755.0,759.0,12.0,0.0,9488.0,20.1,31.0,0.0,0.0,Dec-2015,Apr-2005
19225.0, 60 months,26.99,586.93,G,G1,< 1 year,MORTGAGE,56600.0,Verified,debt_consolidation,18.21,0.0,710.0,714.0,8.0,1.0,7055.0,44.7,22.0,0.0,0.0,Dec-2015,Apr-1990
12000.0, 36 months,14.85,415.11,C,C5,2 years,MORTGAGE,92500.0,Source Verified,debt_consolidation,17.66,1.0,670.0,674.0,12.0,3.0,291.0,2.4,19.0,2.0,1.0,Dec-2015,Mar-2003
2500.0, 36 months,14.85,86.48,C,C5,10+ years,RENT,32000.0,Source Verified,major_purchase,16.73,0.0,670.0,674.0,6.0,0.0,3021.0,59.2,8.0,0.0,0.0,Dec-2015,May-1988
22000.0, 36 months,5.32,662.53,A,A1,,MORTGAGE,110000.0,Not Verified,credit_card,7.21,0.0,770.0,774.0,7.0,0.0,24075.0,40.9,23.0,4.0,0.0,Dec-2015,Jul-1977
5000.0, 36 months,11.99,166.05,C,C1,2 years,RENT,65000.0,Verified,major_purchase,18.52,0.0,690.0,694.0,10.0,0.0,20381.0,60.7,14.0,0.0,0.0,Dec-2015,Nov-1994
6000.0, 36 months,5.32,180.69,A,A1,10+ years,MORTGAGE,80000.0,Not Verified,credit_card,13.5,0.0,745.0,749.0,20.0,0.0,48408.0,20.0,39.0,3.0,0.0,Dec-2015,Dec-1986
12000.0, 60 months,10.78,259.6,B,B4,10+ years,OWN,56000.0,Not Verified,other,25.98,0.0,705.0,709.0,7.0,1.0,3114.0,28.6,15.0,0.0,1.0,Dec-2015,May-1999
5000.0, 36 months,7.91,156.48,A,A5,6 years,RENT,32000.0,Source Verified,credit_card,13.73,0.0,685.0,689.0,7.0,1.0,5552.0,41.1,10.0,0.0,1.0,Dec-2015,Feb-2012
15000.0, 36 months,5.32,451.73,A,A1,,MORTGAGE,75000.0,Not Verified,debt_consolidation,8.75,0.0,780.0,784.0,11.0,0.0,6138.0,12.3,34.0,4.0,0.0,Dec-2015,Jul-1968
11925.0, 36 months,8.49,376.39,B,B1,10+ years,MORTGAGE,50000.0,Not Verified,debt_consolidation,28.44,0.0,770.0,774.0,21.0,0.0,14212.0,19.5,52.0,2.0,0.0,Dec-2015,Sep-1994
28000.0, 36 months,5.32,843.22,A,A1,3 years,MORTGAGE,205200.0,Source Verified,credit_card,21.6,0.0,680.0,684.0,17.0,0.0,24236.0,54.0,40.0,6.0,0.0,Dec-2015,May-1980
15000.0, 36 months,5.32,451.73,A,A1,9 years,OWN,60000.0,Not Verified,debt_consolidation,21.48,0.0,790.0,794.0,8.0,0.0,12370.0,15.7,16.0,0.0,0.0,Dec-2015,Apr-1988
15000.0, 36 months,12.88,504.55,C,C2,5 years,MORTGAGE,94000.0,Source Verified,debt_consolidation,13.21,0.0,670.0,674.0,19.0,2.0,11431.0,52.0,28.0,3.0,1.0,Dec-2015,Dec-1997
8400.0, 36 months,5.32,252.97,A,A1,10+ years,MORTGAGE,95000.0,Not Verified,debt_consolidation,21.79,0.0,725.0,729.0,10.0,0.0,8766.0,29.5,20.0,3.0,0.0,Dec-2015,Feb-1994
28000.0, 36 months,5.32,843.22,A,A1,4 years,MORTGAGE,135000.0,Source Verified,credit_card,8.56,0.0,700.0,704.0,14.0,0.0,38029.0,38.1,25.0,5.0,0.0,Dec-2015,Apr-2001
18000.0, 60 months,8.49,369.22,B,B1,2 years,MORTGAGE,120000.0,Not Verified,credit_card,6.42,0.0,700.0,704.0,5.0,0.0,1641.0,48.3,14.0,1.0,0.0,Dec-2015,May-2006
2500.0, 36 months,7.91,78.24,A,A5,6 years,RENT,29000.0,Source Verified,debt_consolidation,21.19,0.0,755.0,759.0,8.0,0.0,1409.0,10.9,16.0,0.0,0.0,Dec-2015,Jul-1985
25000.0, 60 months,17.97,634.43,D,D4,10+ years,MORTGAGE,105000.0,Not Verified,debt_consolidation,22.57,0.0,680.0,684.0,10.0,1.0,5787.0,31.3,41.0,4.0,1.0,Dec-2015,Feb-1988
24000.0, 60 months,17.27,599.96,D,D3,10+ years,MORTGAGE,67000.0,Not Verified,home_improvement,29.07,4.0,690.0,694.0,12.0,1.0,5727.0,62.9,32.0,3.0,0.0,Dec-2015,Jan-1991
30000.0, 60 months,13.99,697.9,C,C4,9 years,MORTGAGE,70000.0,Source Verified,debt_consolidation,19.9,0.0,690.0,694.0,7.0,0.0,15676.0,54.8,38.0,4.0,0.0,Dec-2015,Sep-2004
21000.0, 36 months,9.17,669.46,B,B2,8 years,MORTGAGE,150000.0,Source Verified,debt_consolidation,13.09,0.0,665.0,669.0,17.0,1.0,10920.0,49.4,22.0,2.0,1.0,Dec-2015,Aug-2001
12000.0, 60 months,18.99,311.23,E,E1,< 1 year,RENT,50000.0,Verified,credit_card,21.87,0.0,665.0,669.0,10.0,1.0,5272.0,61.0,22.0,0.0,1.0,Dec-2015,Apr-2006
22800.0, 36 months,5.32,686.62,A,A1,6 years,MORTGAGE,76000.0,Not Verified,debt_consolidation,21.96,0.0,735.0,739.0,12.0,0.0,15801.0,37.3,27.0,3.0,0.0,Dec-2015,Oct-1999
7000.0, 36 months,11.48,230.77,B,B5,4 years,OWN,41000.0,Verified,home_improvement,19.79,0.0,670.0,674.0,10.0,0.0,1974.0,20.4,52.0,0.0,0.0,Dec-2015,May-2004
5000.0, 36 months,11.99,166.05,C,C1,1 year,RENT,30000.0,Source Verified,debt_consolidation,9.16,0.0,675.0,679.0,12.0,2.0,5426.0,28.3,15.0,0.0,0.0,Dec-2015,Apr-2005
5475.0, 36 months,18.99,200.67,E,E1,10+ years,MORTGAGE,108000.0,Verified,debt_consolidation,33.47,4.0,670.0,674.0,11.0,0.0,3045.0,41.0,27.0,2.0,0.0,Dec-2015,Dec-1999
12000.0, 36 months,9.8,386.09,B,B3,10+ years,RENT,55000.0,Source Verified,debt_consolidation,12.61,1.0,660.0,664.0,9.0,0.0,5116.0,63.2,13.0,0.0,0.0,Dec-2015,Sep-2006
14400.0, 60 months,19.48,377.36,E,E2,3 years,RENT,73320.0,Source Verified,debt_consolidation,17.02,0.0,660.0,664.0,9.0,0.0,12105.0,96.8,19.0,0.0,0.0,Dec-2015,Nov-2006
14450.0, 36 months,11.48,476.37,B,B5,7 years,MORTGAGE,116300.0,Verified,debt_consolidation,2.86,0.0,725.0,729.0,4.0,0.0,883.0,26.0,23.0,6.0,0.0,Dec-2015,Dec-2002
12000.0, 60 months,8.49,246.15,B,B1,< 1 year,MORTGAGE,68000.0,Not Verified,debt_consolidation,12.02,0.0,740.0,744.0,5.0,0.0,6343.0,37.3,14.0,3.0,0.0,Dec-2015,Dec-2002
5000.0, 36 months,7.91,156.48,A,A5,10+ years,MORTGAGE,67000.0,Source Verified,debt_consolidation,36.53,0.0,700.0,704.0,34.0,0.0,44464.0,60.3,56.0,5.0,0.0,Dec-2015,Mar-1978
27300.0, 60 months,17.97,692.8,D,D4,4 years,MORTGAGE,65000.0,Source Verified,debt_consolidation,17.02,1.0,675.0,679.0,9.0,0.0,29015.0,72.7,32.0,3.0,0.0,Dec-2015,Jul-2001
8400.0, 36 months,9.17,267.79,B,B2,2 years,MORTGAGE,70000.0,Source Verified,debt_consolidation,12.96,0.0,690.0,694.0,7.0,0.0,4595.0,60.5,36.0,2.0,0.0,Dec-2015,Jan-1997
10000.0, 36 months,6.99,308.73,A,A3,< 1 year,MORTGAGE,70000.0,Not Verified,home_improvement,21.79,0.0,730.0,734.0,14.0,1.0,5605.0,25.9,23.0,4.0,1.0,Dec-2015,May-1987
14800.0, 36 months,15.77,518.65,D,D1,7 years,RENT,48000.0,Verified,debt_consolidation,20.55,0.0,720.0,724.0,17.0,1.0,2659.0,17.5,22.0,0.0,1.0,Dec-2015,May-2000
5000.0, 36 months,11.48,164.84,B,B5,9 years,MORTGAGE,78000.0,Not Verified,debt_consolidation,21.21,0.0,700.0,704.0,19.0,0.0,34764.0,54.3,21.0,1.0,0.0,Dec-2015,Jun-1995
8000.0, 36 months,10.78,261.08,B,B4,5 years,MORTGAGE,53000.0,Verified,debt_consolidation,20.13,0.0,670.0,674.0,9.0,1.0,6515.0,50.9,18.0,1.0,1.0,Dec-2015,Dec-2000
8400.0, 36 months,16.59,297.78,D,D2,3 years,RENT,51000.0,Source Verified,other,13.27,0.0,690.0,694.0,10.0,0.0,4072.0,37.0,12.0,0.0,0.0,Dec-2015,Apr-2006
18000.0, 36 months,6.49,551.61,A,A2,10+ years,MORTGAGE,100000.0,Not Verified,debt_consolidation,10.49,0.0,720.0,724.0,11.0,0.0,16114.0,33.4,29.0,3.0,0.0,Dec-2015,Oct-2002
8200.0, 36 months,16.59,290.69,D,D2,3 years,MORTGAGE,79000.0,Not Verified,debt_consolidation,0.76,1.0,670.0,674.0,7.0,0.0,685.0,8.8,8.0,0.0,0.0,Dec-2015,Aug-2007
8000.0, 36 months,9.17,255.04,B,B2,< 1 year,RENT,65000.0,Verified,major_purchase,22.05,2.0,685.0,689.0,13.0,0.0,13171.0,79.8,35.0,1.0,0.0,Dec-2015,Mar-1996
15000.0, 36 months,5.32,451.73,A,A1,4 years,MORTGAGE,85000.0,Not Verified,debt_consolidation,13.56,1.0,745.0,749.0,12.0,0.0,18084.0,46.3,21.0,1.0,0.0,Dec-2015,Nov-1994
11000.0, 36 months,10.78,358.99,B,B4,10+ years,RENT,297000.0,Verified,other,12.69,1.0,670.0,674.0,12.0,0.0,34746.0,61.9,33.0,7.0,0.0,Dec-2015,Apr-1992
20000.0, 36 months,13.44,678.13,C,C3,3 years,MORTGAGE,64000.0,Verified,credit_card,23.85,0.0,695.0,699.0,9.0,0.0,25020.0,73.4,22.0,2.0,0.0,Dec-2015,Aug-2009
14000.0, 60 months,19.48,366.88,E,E2,10+ years,RENT,115000.0,Source Verified,debt_consolidation,13.36,0.0,660.0,664.0,7.0,0.0,4916.0,48.2,11.0,0.0,0.0,Dec-2015,Jan-2007
21600.0, 60 months,14.85,512.17,C,C5,4 years,MORTGAGE,86000.0,Source Verified,other,13.58,0.0,685.0,689.0,26.0,0.0,6643.0,25.4,43.0,1.0,0.0,Dec-2015,Jan-2005
13200.0, 36 months,12.88,444.0,C,C2,10+ years,MORTGAGE,45000.0,Source Verified,debt_consolidation,32.56,0.0,675.0,679.0,13.0,0.0,14895.0,56.9,19.0,1.0,0.0,Dec-2015,Oct-2002
20000.0, 36 months,18.49,727.98,D,D5,8 years,RENT,137000.0,Source Verified,debt_consolidation,18.48,0.0,665.0,669.0,16.0,0.0,27103.0,74.9,32.0,1.0,0.0,Dec-2015,Sep-2001
28000.0, 36 months,7.91,876.26,A,A5,10+ years,MORTGAGE,111000.0,Source Verified,debt_consolidation,17.76,0.0,715.0,719.0,9.0,0.0,24758.0,88.1,21.0,3.0,0.0,Dec-2015,Dec-1988
33000.0, 36 months,8.49,1041.58,B,B1,5 years,MORTGAGE,92250.0,Verified,other,20.68,0.0,735.0,739.0,8.0,0.0,12502.0,36.6,18.0,4.0,0.0,Dec-2015,Oct-2007
21700.0, 60 months,22.45,604.9,F,F1,10+ years,OWN,60300.0,Verified,debt_consolidation,24.74,1.0,670.0,674.0,10.0,0.0,32236.0,71.1,17.0,0.0,0.0,Dec-2015,May-1998
5200.0, 36 months,10.78,169.71,B,B4,7 years,MORTGAGE,160000.0,Not Verified,debt_consolidation,8.0,1.0,660.0,664.0,6.0,0.0,8211.0,39.7,23.0,4.0,0.0,Dec-2015,Nov-1987
30000.0, 60 months,20.5,803.19,E,E4,< 1 year,MORTGAGE,98000.0,Source Verified,debt_consolidation,7.96,2.0,660.0,664.0,7.0,0.0,20312.0,69.3,25.0,2.0,0.0,Dec-2015,Jan-1996
12000.0, 36 months,7.49,373.22,A,A4,3 years,MORTGAGE,108000.0,Source Verified,debt_consolidation,6.92,1.0,715.0,719.0,17.0,0.0,19903.0,33.5,38.0,4.0,0.0,Dec-2015,May-1990
9000.0, 36 months,7.91,281.66,A,A5,10+ years,MORTGAGE,90000.0,Not Verified,credit_card,9.28,2.0,715.0,719.0,11.0,0.0,3218.0,11.1,40.0,3.0,0.0,Dec-2015,Apr-1998
9000.0, 36 months,8.49,284.07,B,B1,8 years,MORTGAGE,47000.0,Not Verified,debt_consolidation,8.43,0.0,675.0,679.0,12.0,0.0,9747.0,26.7,22.0,0.0,0.0,Dec-2015,Nov-2000
12000.0, 36 months,10.78,391.62,B,B4,5 years,RENT,29500.0,Source Verified,debt_consolidation,16.27,0.0,680.0,684.0,8.0,1.0,12710.0,53.4,10.0,0.0,1.0,Dec-2015,Jan-2007
6000.0, 36 months,5.32,180.69,A,A1,< 1 year,MORTGAGE,52000.0,Not Verified,credit_card,15.82,0.0,765.0,769.0,13.0,0.0,14849.0,28.7,20.0,1.0,0.0,Dec-2015,Feb-2003
35000.0, 36 months,9.8,1126.07,B,B3,10+ years,OWN,173000.0,Verified,credit_card,22.42,0.0,700.0,704.0,17.0,0.0,63825.0,86.5,31.0,5.0,0.0,Dec-2015,Feb-1982
10000.0, 60 months,11.48,219.83,B,B5,10+ years,MORTGAGE,55000.0,Not Verified,credit_card,22.74,0.0,760.0,764.0,12.0,0.0,31359.0,48.8,31.0,3.0,0.0,Dec-2015,Apr-2003
16000.0, 36 months,8.49,505.01,B,B1,1 year,RENT,75000.0,Not Verified,debt_consolidation,19.44,1.0,685.0,689.0,19.0,0.0,15196.0,59.6,26.0,0.0,0.0,Dec-2015,Oct-2003
9075.0, 36 months,5.32,273.3,A,A1,10+ years,MORTGAGE,40000.0,Not Verified,credit_card,8.39,0.0,815.0,819.0,15.0,0.0,12854.0,16.3,26.0,3.0,0.0,Dec-2015,Sep-1984
8000.0, 36 months,7.91,250.36,A,A5,10+ years,MORTGAGE,63800.0,Not Verified,debt_consolidation,23.76,1.0,730.0,734.0,11.0,0.0,5025.0,32.2,35.0,2.0,0.0,Dec-2015,Jun-1991
5000.0, 36 months,8.49,157.82,B,B1,< 1 year,MORTGAGE,29000.0,Not Verified,debt_consolidation,6.46,0.0,690.0,694.0,21.0,0.0,3750.0,56.0,33.0,0.0,0.0,Dec-2015,Oct-1995
15000.0, 60 months,11.99,333.6,C,C1,3 years,MORTGAGE,100000.0,Source Verified,debt_consolidation,7.58,0.0,660.0,664.0,13.0,1.0,3434.0,23.8,50.0,3.0,1.0,Dec-2015,Aug-1981
20000.0, 36 months,9.17,637.58,B,B2,10+ years,MORTGAGE,180000.0,Not Verified,debt_consolidation,14.67,0.0,680.0,684.0,12.0,0.0,87329.0,84.5,27.0,4.0,0.0,Dec-2015,Jun-1990
4200.0, 36 months,13.99,143.53,C,C4,2 years,RENT,32000.0,Source Verified,other,31.02,0.0,705.0,709.0,10.0,0.0,1294.0,11.7,16.0,0.0,0.0,Dec-2015,Nov-2009
14000.0, 36 months,9.8,450.43,B,B3,4 years,MORTGAGE,100000.0,Not Verified,medical,15.97,0.0,685.0,689.0,7.0,0.0,34250.0,36.1,14.0,2.0,0.0,Dec-2015,Dec-1997
8000.0, 36 months,13.99,273.39,C,C4,2 years,MORTGAGE,80000.0,Not Verified,debt_consolidation,19.74,0.0,680.0,684.0,11.0,1.0,6779.0,36.6,21.0,0.0,1.0,Dec-2015,Jan-2002
4000.0, 36 months,7.49,124.41,A,A4,5 years,RENT,83500.0,Verified,car,2.17,0.0,755.0,759.0,5.0,0.0,94.0,0.5,15.0,0.0,0.0,Dec-2015,May-1995
13000.0, 36 months,7.91,406.84,A,A5,2 years,RENT,70000.0,Not Verified,credit_card,26.32,0.0,710.0,714.0,10.0,0.0,13025.0,40.6,27.0,0.0,0.0,Dec-2015,Jul-2009
24000.0, 60 months,23.13,678.37,F,F2,6 years,MORTGAGE,43435.0,Verified,debt_consolidation,35.7,0.0,680.0,684.0,13.0,1.0,12508.0,73.1,22.0,1.0,1.0,Dec-2015,Jul-1998
29900.0, 60 months,12.88,678.49,C,C2,10+ years,MORTGAGE,65000.0,Verified,debt_consolidation,21.77,0.0,715.0,719.0,15.0,0.0,31682.0,46.7,31.0,2.0,0.0,Dec-2015,May-2004
7200.0, 36 months,6.49,220.65,A,A2,10+ years,MORTGAGE,60000.0,Not Verified,credit_card,20.68,0.0,725.0,729.0,3.0,0.0,4727.0,67.5,22.0,1.0,0.0,Dec-2015,Sep-2002
14000.0, 60 months,15.77,338.75,D,D1,10+ years,RENT,132700.0,Source Verified,debt_consolidation,25.38,2.0,660.0,664.0,11.0,0.0,26599.0,78.0,41.0,5.0,0.0,Dec-2015,Sep-2002
19675.0, 60 months,21.48,537.61,E,E5,< 1 year,MORTGAGE,86000.0,Source Verified,debt_consolidation,8.09,1.0,660.0,664.0,8.0,0.0,10734.0,39.2,10.0,1.0,0.0,Dec-2015,Jul-2008
20000.0, 60 months,17.27,499.96,D,D3,9 years,RENT,124000.0,Not Verified,credit_card,31.23,0.0,670.0,674.0,30.0,0.0,71234.0,65.6,46.0,0.0,0.0,Dec-2015,Sep-1995
6000.0, 36 months,8.49,189.38,B,B1,4 years,OWN,42000.0,Not Verified,debt_consolidation,26.06,0.0,730.0,734.0,22.0,0.0,17033.0,20.8,35.0,0.0,0.0,Dec-2015,Oct-1999
15000.0, 36 months,10.78,489.52,B,B4,10+ years,MORTGAGE,200000.0,Source Verified,credit_card,13.57,0.0,710.0,714.0,22.0,0.0,47098.0,55.9,71.0,6.0,0.0,Dec-2015,Jul-2000
2400.0, 36 months,7.49,74.65,A,A4,10+ years,RENT,50000.0,Source Verified,credit_card,11.67,0.0,735.0,739.0,2.0,0.0,4014.0,100.3,7.0,0.0,0.0,Dec-2015,Apr-1994
3600.0, 36 months,15.77,126.16,D,D1,3 years,RENT,70000.0,Source Verified,other,14.33,1.0,685.0,689.0,12.0,0.0,2442.0,52.0,30.0,0.0,0.0,Dec-2015,Aug-2004
24000.0, 36 months,5.32,722.76,A,A1,3 years,MORTGAGE,120000.0,Not Verified,credit_card,15.82,0.0,725.0,729.0,13.0,0.0,42613.0,35.4,31.0,1.0,0.0,Dec-2015,Sep-2004
3350.0, 36 months,7.91,104.84,A,A5,,MORTGAGE,42251.0,Not Verified,credit_card,23.49,0.0,680.0,684.0,6.0,0.0,4055.0,78.0,29.0,1.0,0.0,Dec-2015,Aug-1999
26000.0, 36 months,6.49,796.76,A,A2,6 years,MORTGAGE,124400.0,Not Verified,credit_card,26.03,0.0,735.0,739.0,8.0,0.0,20052.0,59.0,36.0,6.0,0.0,Dec-2015,May-2001
18250.0, 36 months,11.48,601.64,B,B5,,MORTGAGE,39696.0,Not Verified,credit_card,24.55,0.0,665.0,669.0,7.0,0.0,37981.0,54.9,10.0,2.0,0.0,Dec-2015,Jan-1972
8275.0, 36 months,10.78,270.06,B,B4,,MORTGAGE,55000.0,Verified,credit_card,38.05,0.0,715.0,719.0,10.0,0.0,46623.0,89.7,23.0,4.0,0.0,Dec-2015,May-1991
15000.0, 36 months,11.48,494.5,B,B5,9 years,RENT,90000.0,Source Verified,debt_consolidation,14.89,1.0,680.0,684.0,8.0,0.0,13377.0,48.1,14.0,0.0,0.0,Dec-2015,Jun-1997
13600.0, 36 months,11.48,448.35,B,B5,10+ years,MORTGAGE,61983.0,Source Verified,debt_consolidation,2.87,0.0,690.0,694.0,4.0,1.0,5455.0,76.8,5.0,1.0,1.0,Dec-2015,Aug-2005
10000.0, 36 months,9.8,321.74,B,B3,1 year,RENT,75000.0,Source Verified,debt_consolidation,14.16,0.0,700.0,704.0,15.0,0.0,27849.0,30.0,25.0,0.0,0.0,Dec-2015,Apr-2002
5000.0, 36 months,10.78,163.18,B,B4,10+ years,OWN,75000.0,Source Verified,debt_consolidation,16.7,0.0,705.0,709.0,13.0,0.0,22869.0,60.5,53.0,1.0,0.0,Dec-2015,Dec-1996
30000.0, 60 months,18.49,769.83,D,D5,< 1 year,MORTGAGE,103000.0,Verified,debt_consolidation,22.36,0.0,675.0,679.0,13.0,0.0,25530.0,49.0,33.0,6.0,0.0,Dec-2015,Jul-2003
21600.0, 60 months,19.48,566.04,E,E2,5 years,MORTGAGE,121000.0,Verified,debt_consolidation,19.93,2.0,665.0,669.0,22.0,0.0,32672.0,70.0,51.0,9.0,0.0,Dec-2015,Jan-1990
34000.0, 36 months,10.78,1109.58,B,B4,7 years,RENT,76497.0,Verified,debt_consolidation,13.32,0.0,705.0,709.0,4.0,0.0,34886.0,96.9,7.0,0.0,0.0,Dec-2015,Sep-1995
9600.0, 36 months,7.49,298.58,A,A4,8 years,MORTGAGE,60000.0,Not Verified,credit_card,22.44,0.0,695.0,699.0,7.0,0.0,7722.0,59.4,9.0,0.0,0.0,Dec-2015,Jun-1996
6000.0, 36 months,6.99,185.24,A,A3,10+ years,OWN,48000.0,Not Verified,credit_card,33.78,0.0,760.0,764.0,18.0,0.0,7204.0,26.6,30.0,0.0,0.0,Dec-2015,Apr-1983
4200.0, 36 months,13.44,142.41,C,C3,10+ years,MORTGAGE,102500.0,Not Verified,debt_consolidation,26.21,0.0,700.0,704.0,14.0,0.0,11947.0,88.5,37.0,7.0,0.0,Dec-2015,Jan-1999
10000.0, 36 months,6.49,306.45,A,A2,10+ years,MORTGAGE,106000.0,Not Verified,credit_card,16.45,0.0,810.0,814.0,17.0,0.0,45381.0,16.0,32.0,6.0,0.0,Dec-2015,Jun-1985
10000.0, 36 months,9.17,318.79,B,B2,3 years,MORTGAGE,43000.0,Source Verified,debt_consolidation,12.39,0.0,710.0,714.0,6.0,0.0,5806.0,68.3,13.0,1.0,0.0,Dec-2015,Feb-2004
28000.0, 60 months,15.77,677.49,D,D1,1 year,RENT,118000.0,Verified,debt_consolidation,35.91,0.0,710.0,714.0,12.0,0.0,10568.0,21.5,27.0,1.0,0.0,Dec-2015,Nov-1999
24000.0, 36 months,9.17,765.1,B,B2,2 years,MORTGAGE,210000.0,Source Verified,debt_consolidation,20.16,0.0,690.0,694.0,18.0,0.0,16417.0,65.1,35.0,1.0,0.0,Dec-2015,Aug-2002
10000.0, 36 months,9.8,321.74,B,B3,10+ years,MORTGAGE,92000.0,Source Verified,debt_consolidation,10.55,1.0,680.0,684.0,8.0,0.0,9560.0,54.6,27.0,5.0,0.0,Dec-2015,Aug-1996
15000.0, 36 months,7.91,469.43,A,A5,10+ years,OWN,170000.0,Verified,credit_card,7.24,0.0,745.0,749.0,5.0,0.0,28964.0,77.2,17.0,5.0,0.0,Dec-2015,Aug-1987
25000.0, 36 months,17.27,894.69,D,D3,10+ years,MORTGAGE,120000.0,Not Verified,debt_consolidation,21.33,2.0,660.0,664.0,17.0,1.0,35492.0,74.2,26.0,2.0,1.0,Dec-2015,Nov-2004
24000.0, 36 months,13.99,820.15,C,C4,10+ years,MORTGAGE,120000.0,Source Verified,debt_consolidation,8.91,0.0,700.0,704.0,10.0,0.0,16349.0,40.0,10.0,2.0,0.0,Dec-2015,May-2009
8000.0, 36 months,12.88,269.09,C,C2,3 years,RENT,43500.0,Source Verified,other,22.48,0.0,700.0,704.0,11.0,1.0,2015.0,22.1,16.0,0.0,1.0,Dec-2015,Mar-2003
28000.0, 36 months,13.44,949.38,C,C3,2 years,OWN,125000.0,Source Verified,debt_consolidation,7.49,0.0,695.0,699.0,6.0,0.0,22780.0,63.1,22.0,0.0,0.0,Dec-2015,May-2000
5000.0, 36 months,11.48,164.84,B,B5,2 years,MORTGAGE,85000.0,Source Verified,home_improvement,8.28,15.0,670.0,674.0,5.0,0.0,327.0,15.6,38.0,6.0,0.0,Dec-2015,Nov-1990
30000.0, 36 months,7.91,938.85,A,A5,5 years,MORTGAGE,134000.0,Not Verified,debt_consolidation,17.1,0.0,725.0,729.0,12.0,0.0,11694.0,42.4,49.0,3.0,0.0,Dec-2015,Jun-1987
30000.0, 36 months,8.49,946.89,B,B1,10+ years,RENT,115000.0,Source Verified,credit_card,13.54,1.0,690.0,694.0,23.0,0.0,22022.0,46.2,44.0,5.0,0.0,Dec-2015,Oct-2001
8000.0, 36 months,5.32,240.92,A,A1,10+ years,OWN,31500.0,Not Verified,debt_consolidation,15.62,0.0,750.0,754.0,12.0,0.0,4795.0,15.6,22.0,0.0,0.0,Dec-2015,Apr-1975
9600.0, 36 months,11.48,316.48,B,B5,10+ years,RENT,110000.0,Not Verified,debt_consolidation,13.83,0.0,665.0,669.0,8.0,1.0,7544.0,75.4,24.0,1.0,1.0,Dec-2015,Jan-1988
14400.0, 36 months,6.49,441.29,A,A2,8 years,MORTGAGE,70000.0,Not Verified,debt_consolidation,16.32,0.0,695.0,699.0,21.0,0.0,14446.0,74.8,26.0,1.0,0.0,Dec-2015,Jul-2003
7000.0, 36 months,13.99,239.21,C,C4,2 years,RENT,83000.0,Source Verified,debt_consolidation,21.96,0.0,680.0,684.0,11.0,0.0,17866.0,83.1,28.0,0.0,0.0,Dec-2015,Nov-2002
3000.0, 36 months,11.48,98.9,B,B5,5 years,MORTGAGE,45000.0,Source Verified,debt_consolidation,15.73,0.0,765.0,769.0,7.0,0.0,1888.0,15.9,24.0,4.0,0.0,Dec-2015,Nov-2001
5000.0, 36 months,11.99,166.05,C,C1,10+ years,MORTGAGE,68500.0,Source Verified,home_improvement,16.36,3.0,675.0,679.0,20.0,0.0,22065.0,61.8,35.0,4.0,0.0,Dec-2015,Nov-2000
21600.0, 36 months,6.99,666.85,A,A3,3 years,MORTGAGE,120000.0,Not Verified,debt_consolidation,20.73,0.0,740.0,744.0,18.0,0.0,143395.0,24.6,36.0,5.0,0.0,Dec-2015,Sep-1990
24000.0, 36 months,9.17,765.1,B,B2,10+ years,RENT,66000.0,Verified,debt_consolidation,23.98,1.0,665.0,669.0,26.0,1.0,11718.0,61.7,41.0,2.0,0.0,Dec-2015,May-1994
12000.0, 60 months,13.99,279.16,C,C4,10+ years,OWN,35000.0,Source Verified,debt_consolidation,32.68,0.0,700.0,704.0,10.0,0.0,12627.0,67.9,16.0,0.0,0.0,Dec-2015,Feb-2005
23000.0, 36 months,9.8,739.99,B,B3,9 years,MORTGAGE,90247.0,Not Verified,credit_card,17.09,0.0,680.0,684.0,11.0,0.0,21039.0,41.3,25.0,2.0,0.0,Dec-2015,May-2000
22400.0, 60 months,14.85,531.14,C,C5,10+ years,RENT,70000.0,Verified,credit_card,18.69,0.0,695.0,699.0,10.0,0.0,15292.0,69.8,20.0,0.0,0.0,Dec-2015,Jan-2003
12500.0, 60 months,11.99,278.0,C,C1,< 1 year,MORTGAGE,60000.0,Not Verified,debt_consolidation,16.98,0.0,685.0,689.0,5.0,0.0,8619.0,69.0,8.0,1.0,0.0,Dec-2015,Apr-2006
15000.0, 36 months,5.32,451.73,A,A1,3 years,OWN,81000.0,Not Verified,credit_card,16.95,0.0,800.0,804.0,14.0,0.0,37068.0,9.4,26.0,1.0,0.0,Dec-2015,Oct-1985
11200.0, 36 months,11.99,371.95,C,C1,< 1 year,RENT,37000.0,Verified,debt_consolidation,7.78,0.0,675.0,679.0,11.0,0.0,16425.0,49.3,13.0,0.0,0.0,Dec-2015,Oct-1994
35000.0, 60 months,12.88,794.21,C,C2,10+ years,MORTGAGE,110000.0,Source Verified,major_purchase,13.39,0.0,695.0,699.0,19.0,0.0,23315.0,47.2,32.0,2.0,0.0,Dec-2015,Dec-1983
35000.0, 60 months,20.5,937.06,E,E4,8 years,MORTGAGE,120000.0,Source Verified,debt_consolidation,35.69,1.0,700.0,704.0,25.0,0.0,13993.0,32.2,54.0,3.0,0.0,Dec-2015,Oct-1994
12000.0, 36 months,6.49,367.74,A,A2,10+ years,MORTGAGE,65000.0,Not Verified,home_improvement,19.24,0.0,765.0,769.0,4.0,0.0,7626.0,46.5,20.0,2.0,0.0,Dec-2015,May-2002
20000.0, 60 months,16.59,492.66,D,D2,10+ years,MORTGAGE,135000.0,Source Verified,home_improvement,26.92,0.0,685.0,689.0,18.0,0.0,49831.0,78.0,30.0,1.0,0.0,Dec-2015,Jan-1996
12000.0, 60 months,11.48,263.8,B,B5,5 years,MORTGAGE,110000.0,Source Verified,debt_consolidation,4.9,5.0,675.0,679.0,11.0,0.0,5492.0,53.8,54.0,2.0,0.0,Dec-2015,Jun-1996
7000.0, 36 months,9.17,223.16,B,B2,5 years,RENT,70000.0,Not Verified,moving,16.1,0.0,660.0,664.0,13.0,0.0,2978.0,47.0,20.0,0.0,0.0,Dec-2015,Nov-2007
25000.0, 36 months,7.91,782.38,A,A5,10+ years,MORTGAGE,105000.0,Source Verified,other,16.87,0.0,705.0,709.0,8.0,0.0,4122.0,52.2,25.0,5.0,0.0,Dec-2015,Aug-1999
5000.0, 36 months,7.91,156.48,A,A5,4 years,RENT,93000.0,Source Verified,credit_card,14.3,2.0,680.0,684.0,9.0,0.0,11220.0,24.3,30.0,2.0,0.0,Dec-2015,Jul-1982
6000.0, 36 months,17.27,214.73,D,D3,10+ years,MORTGAGE,120000.0,Verified,debt_consolidation,23.03,0.0,660.0,664.0,16.0,0.0,20408.0,76.4,21.0,1.0,0.0,Dec-2015,Mar-2006
16775.0, 60 months,19.89,443.41,E,E3,1 year,MORTGAGE,74000.0,Verified,debt_consolidation,29.91,0.0,675.0,679.0,16.0,1.0,9911.0,35.0,29.0,7.0,1.0,Dec-2015,Dec-1998
15000.0, 36 months,12.88,504.55,C,C2,10+ years,MORTGAGE,154000.0,Not Verified,debt_consolidation,35.77,1.0,730.0,734.0,20.0,0.0,19565.0,47.0,58.0,5.0,0.0,Dec-2015,Feb-1995
12000.0, 36 months,9.8,386.09,B,B3,5 years,RENT,43000.0,Source Verified,debt_consolidation,18.28,0.0,695.0,699.0,14.0,0.0,13131.0,45.4,31.0,3.0,0.0,Dec-2015,Jan-2002
15000.0, 60 months,12.88,340.38,C,C2,2 years,RENT,90000.0,Not Verified,debt_consolidation,21.17,0.0,710.0,714.0,14.0,0.0,18385.0,35.0,29.0,5.0,0.0,Dec-2015,Aug-1999
10400.0, 36 months,13.44,352.63,C,C3,10+ years,MORTGAGE,150000.0,Verified,debt_consolidation,18.51,1.0,670.0,674.0,23.0,0.0,29336.0,66.7,44.0,2.0,0.0,Dec-2015,Mar-1991
1000.0, 36 months,11.99,33.21,C,C1,10+ years,MORTGAGE,36522.0,Verified,other,35.72,0.0,660.0,664.0,23.0,0.0,12138.0,78.0,28.0,0.0,0.0,Dec-2015,Nov-1989
18200.0, 60 months,15.77,440.37,D,D1,8 years,RENT,65000.0,Not Verified,credit_card,29.28,0.0,660.0,664.0,27.0,1.0,7411.0,59.8,38.0,2.0,1.0,Dec-2015,Feb-2004
11000.0, 60 months,18.99,285.29,E,E1,10+ years,RENT,55000.0,Verified,moving,0.94,0.0,730.0,734.0,14.0,0.0,1806.0,4.5,18.0,0.0,0.0,Dec-2015,Aug-2005
5000.0, 36 months,9.17,159.4,B,B2,3 years,MORTGAGE,113000.0,Source Verified,credit_card,26.45,1.0,670.0,674.0,12.0,0.0,45576.0,72.2,21.0,1.0,0.0,Dec-2015,Aug-1999
9000.0, 36 months,5.32,271.04,A,A1,10+ years,MORTGAGE,49000.0,Not Verified,credit_card,21.63,0.0,755.0,759.0,18.0,0.0,8775.0,11.7,29.0,0.0,0.0,Dec-2015,Nov-1991
7200.0, 36 months,14.85,249.07,C,C5,10+ years,RENT,52000.0,Not Verified,credit_card,39.21,1.0,670.0,674.0,12.0,0.0,10881.0,61.8,45.0,0.0,0.0,Dec-2015,Sep-2001
10000.0, 36 months,11.48,329.67,B,B5,10+ years,MORTGAGE,72000.0,Not Verified,other,26.9,0.0,680.0,684.0,13.0,0.0,16758.0,61.4,26.0,3.0,0.0,Dec-2015,Apr-1999
15000.0, 60 months,16.59,369.49,D,D2,1 year,MORTGAGE,55000.0,Not Verified,debt_consolidation,10.17,0.0,660.0,664.0,13.0,0.0,9419.0,54.4,22.0,0.0,0.0,Dec-2015,Sep-2002
3500.0, 36 months,10.78,114.23,B,B4,8 years,MORTGAGE,122400.0,Source Verified,vacation,17.97,0.0,660.0,664.0,16.0,3.0,27242.0,58.6,30.0,5.0,1.0,Dec-2015,Mar-1997
6000.0, 36 months,13.44,203.44,C,C3,3 years,OWN,38700.0,Source Verified,debt_consolidation,23.26,0.0,690.0,694.0,4.0,0.0,1960.0,19.2,10.0,0.0,0.0,Dec-2015,Nov-1994
9000.0, 36 months,12.88,302.73,C,C2,10+ years,RENT,110000.0,Verified,debt_consolidation,17.29,0.0,675.0,679.0,16.0,1.0,11701.0,34.6,42.0,8.0,1.0,Dec-2015,Dec-2002
6000.0, 36 months,9.8,193.05,B,B3,4 years,MORTGAGE,85140.0,Not Verified,debt_consolidation,14.42,0.0,710.0,714.0,11.0,0.0,11210.0,57.5,12.0,1.0,0.0,Dec-2015,Mar-2012
6000.0, 36 months,7.91,187.77,A,A5,10+ years,MORTGAGE,250000.0,Source Verified,other,16.17,1.0,680.0,684.0,15.0,0.0,67109.0,82.3,33.0,5.0,0.0,Dec-2015,Nov-1992
3000.0, 36 months,11.48,98.9,B,B5,10+ years,MORTGAGE,105000.0,Verified,home_improvement,12.09,0.0,685.0,689.0,11.0,0.0,5560.0,57.9,22.0,2.0,0.0,Dec-2015,Jul-1994
18700.0, 60 months,13.99,435.02,C,C4,< 1 year,MORTGAGE,55000.0,Not Verified,debt_consolidation,30.81,0.0,735.0,739.0,19.0,0.0,25268.0,28.4,46.0,6.0,0.0,Dec-2015,Jun-1977
16000.0, 36 months,5.32,481.84,A,A1,8 years,MORTGAGE,96000.0,Not Verified,debt_consolidation,14.45,0.0,725.0,729.0,23.0,0.0,21922.0,29.8,38.0,6.0,0.0,Dec-2015,Sep-1990
12500.0, 36 months,7.49,388.78,A,A4,10+ years,MORTGAGE,99500.0,Not Verified,debt_consolidation,12.18,0.0,705.0,709.0,6.0,0.0,4739.0,83.1,12.0,1.0,0.0,Dec-2015,Feb-1992
8000.0, 36 months,5.32,240.92,A,A1,1 year,RENT,50000.0,Not Verified,credit_card,14.86,1.0,715.0,719.0,21.0,0.0,6452.0,35.1,64.0,0.0,0.0,Dec-2015,Nov-2002
9500.0, 36 months,6.49,291.13,A,A2,10+ years,MORTGAGE,126500.0,Not Verified,home_improvement,8.67,1.0,680.0,684.0,14.0,1.0,5951.0,18.8,47.0,8.0,1.0,Dec-2015,May-1996
6000.0, 36 months,5.32,180.69,A,A1,10+ years,RENT,43000.0,Source Verified,debt_consolidation,20.37,0.0,680.0,684.0,8.0,0.0,4929.0,24.5,11.0,0.0,0.0,Dec-2015,Mar-2007
12000.0, 60 months,9.8,253.79,B,B3,10+ years,MORTGAGE,36500.0,Not Verified,debt_consolidation,18.91,0.0,805.0,809.0,10.0,0.0,5940.0,26.5,24.0,2.0,0.0,Dec-2015,Apr-1980
20000.0, 36 months,11.48,659.33,B,B5,5 years,RENT,60000.0,Not Verified,debt_consolidation,22.62,0.0,685.0,689.0,10.0,0.0,29929.0,61.5,20.0,0.0,0.0,Dec-2015,Dec-2000
20000.0, 36 months,8.49,631.26,B,B1,10+ years,MORTGAGE,85000.0,Not Verified,major_purchase,17.61,1.0,705.0,709.0,8.0,0.0,826.0,5.7,15.0,3.0,0.0,Dec-2015,Feb-1999
14000.0, 36 months,12.88,470.91,C,C2,2 years,RENT,80000.0,Source Verified,debt_consolidation,5.04,0.0,660.0,664.0,11.0,0.0,7002.0,37.8,18.0,0.0,0.0,Dec-2015,Dec-2004
6000.0, 36 months,18.49,218.4,D,D5,,MORTGAGE,54744.0,Verified,debt_consolidation,23.96,1.0,665.0,669.0,7.0,0.0,1373.0,34.3,26.0,3.0,0.0,Dec-2015,Nov-2007
25000.0, 60 months,13.44,574.48,C,C3,,OWN,50000.0,Not Verified,home_improvement,6.39,0.0,775.0,779.0,11.0,0.0,8291.0,12.2,34.0,5.0,0.0,Dec-2015,Jul-1995
35000.0, 36 months,8.49,1104.71,B,B1,< 1 year,OWN,90000.0,Source Verified,debt_consolidation,13.36,0.0,750.0,754.0,11.0,0.0,15448.0,42.9,26.0,3.0,0.0,Dec-2015,Oct-1991
28000.0, 60 months,9.17,583.55,B,B2,4 years,MORTGAGE,76008.0,Source Verified,debt_consolidation,14.47,0.0,690.0,694.0,18.0,0.0,38235.0,43.1,38.0,1.0,0.0,Dec-2015,Sep-1995
15000.0, 36 months,12.88,504.55,C,C2,10+ years,MORTGAGE,50000.0,Not Verified,debt_consolidation,13.92,0.0,665.0,669.0,12.0,0.0,14435.0,40.1,34.0,4.0,0.0,Dec-2015,Aug-2004
21000.0, 36 months,10.78,685.33,B,B4,< 1 year,MORTGAGE,100000.0,Not Verified,debt_consolidation,29.75,0.0,730.0,734.0,24.0,0.0,45269.0,31.3,48.0,5.0,0.0,Dec-2015,May-1994
3600.0, 36 months,7.49,111.97,A,A4,< 1 year,MORTGAGE,62000.0,Not Verified,debt_consolidation,22.42,0.0,720.0,724.0,21.0,0.0,3886.0,19.6,43.0,1.0,0.0,Dec-2015,Mar-2004
30000.0, 36 months,14.85,1037.76,C,C5,6 years,MORTGAGE,124000.0,Not Verified,debt_consolidation,15.61,0.0,675.0,679.0,13.0,0.0,23053.0,74.1,42.0,6.0,0.0,Dec-2015,Aug-1985
10000.0, 36 months,10.78,326.35,B,B4,3 years,MORTGAGE,41600.0,Not Verified,debt_consolidation,15.78,0.0,695.0,699.0,18.0,0.0,12958.0,52.5,33.0,2.0,0.0,Dec-2015,Oct-2004
14000.0, 36 months,6.99,432.22,A,A3,5 years,OWN,65000.0,Not Verified,debt_consolidation,15.22,1.0,735.0,739.0,10.0,0.0,2363.0,11.2,32.0,1.0,0.0,Dec-2015,Sep-2002
9600.0, 36 months,6.49,294.19,A,A2,4 years,RENT,64567.05,Not Verified,credit_card,10.48,0.0,680.0,684.0,7.0,0.0,8073.0,44.8,15.0,0.0,0.0,Dec-2015,Dec-2000
6000.0, 36 months,7.49,186.61,A,A4,10+ years,MORTGAGE,100000.0,Not Verified,debt_consolidation,13.28,1.0,695.0,699.0,9.0,0.0,8563.0,72.0,16.0,2.0,0.0,Dec-2015,May-1994
15000.0, 60 months,9.8,317.24,B,B3,< 1 year,MORTGAGE,35179.0,Not Verified,debt_consolidation,23.47,0.0,705.0,709.0,19.0,0.0,12706.0,45.4,40.0,1.0,0.0,Dec-2015,Jul-2000
6400.0, 36 months,11.48,210.99,B,B5,10+ years,RENT,33000.0,Verified,credit_card,15.6,0.0,685.0,689.0,9.0,1.0,5707.0,56.5,18.0,1.0,1.0,Dec-2015,Jun-2003
19850.0, 36 months,10.78,647.8,B,B4,7 years,RENT,85005.0,Source Verified,credit_card,17.2,0.0,690.0,694.0,14.0,0.0,15506.0,37.1,20.0,0.0,0.0,Dec-2015,May-2006
3600.0, 36 months,13.99,123.03,C,C4,5 years,MORTGAGE,34000.0,Verified,credit_card,29.79,0.0,660.0,664.0,11.0,1.0,10572.0,30.1,19.0,0.0,1.0,Dec-2015,May-1995
24000.0, 60 months,19.48,628.93,E,E2,10+ years,RENT,97000.0,Verified,debt_consolidation,7.23,0.0,685.0,689.0,14.0,0.0,16424.0,52.5,38.0,1.0,0.0,Dec-2015,Aug-1997
10000.0, 36 months,5.32,301.15,A,A1,10+ years,RENT,80000.0,Source Verified,credit_card,5.27,0.0,685.0,689.0,6.0,0.0,19012.0,47.2,9.0,1.0,0.0,Dec-2015,Sep-2001
4575.0, 36 months,17.27,163.73,D,D3,5 years,RENT,56000.0,Not Verified,house,10.03,1.0,665.0,669.0,12.0,0.0,2380.0,27.0,17.0,1.0,0.0,Dec-2015,May-2001
5000.0, 36 months,16.59,177.25,D,D2,,RENT,19000.0,Verified,debt_consolidation,14.28,0.0,665.0,669.0,6.0,0.0,4040.0,80.8,8.0,0.0,0.0,Dec-2015,Mar-2007
13150.0, 36 months,5.32,396.01,A,A1,1 year,RENT,40000.0,Not Verified,major_purchase,20.25,0.0,765.0,769.0,13.0,0.0,11221.0,20.1,17.0,0.0,0.0,Dec-2015,May-2001
19200.0, 36 months,5.32,578.21,A,A1,< 1 year,MORTGAGE,50000.0,Source Verified,debt_consolidation,19.24,0.0,690.0,694.0,4.0,1.0,10848.0,82.2,11.0,0.0,0.0,Dec-2015,Dec-2001
10000.0, 36 months,8.49,315.63,B,B1,4 years,RENT,63000.0,Not Verified,debt_consolidation,24.67,0.0,690.0,694.0,11.0,0.0,26069.0,86.3,25.0,0.0,0.0,Dec-2015,Jan-1988
10500.0, 60 months,18.49,269.44,D,D5,8 years,MORTGAGE,47000.0,Not Verified,debt_consolidation,29.55,0.0,685.0,689.0,10.0,0.0,7634.0,68.8,18.0,1.0,0.0,Dec-2015,Feb-2005
3225.0, 36 months,20.5,120.68,E,E4,5 years,MORTGAGE,35000.0,Not Verified,debt_consolidation,24.01,3.0,660.0,664.0,8.0,1.0,3072.0,43.0,12.0,0.0,1.0,Dec-2015,Nov-1999
12000.0, 60 months,9.8,253.79,B,B3,10+ years,MORTGAGE,65000.0,Not Verified,debt_consolidation,23.84,0.0,785.0,789.0,18.0,0.0,9786.0,13.4,37.0,2.0,0.0,Dec-2015,Nov-2003
15000.0, 36 months,5.32,451.73,A,A1,,RENT,80000.0,Not Verified,debt_consolidation,20.18,0.0,775.0,779.0,30.0,0.0,41593.0,21.4,47.0,2.0,0.0,Dec-2015,Apr-1993
3600.0, 36 months,11.99,119.56,C,C1,10+ years,RENT,55000.0,Not Verified,debt_consolidation,27.93,0.0,660.0,664.0,15.0,0.0,11570.0,42.1,18.0,0.0,0.0,Dec-2015,Feb-2007
24000.0, 60 months,12.88,544.61,C,C2,10+ years,RENT,73000.0,Not Verified,credit_card,19.76,2.0,660.0,664.0,8.0,1.0,9016.0,88.4,20.0,0.0,0.0,Dec-2015,Feb-2003
8675.0, 36 months,19.89,321.91,E,E3,,MORTGAGE,36000.0,Verified,debt_consolidation,33.93,0.0,675.0,679.0,15.0,1.0,12997.0,54.0,27.0,2.0,0.0,Dec-2015,Aug-1983
9000.0, 36 months,9.17,286.92,B,B2,1 year,OWN,50000.0,Not Verified,debt_consolidation,11.98,0.0,800.0,804.0,5.0,0.0,7518.0,48.5,11.0,2.0,0.0,Dec-2015,Jun-2001
12000.0, 36 months,5.32,361.38,A,A1,2 years,OWN,50000.0,Source Verified,credit_card,7.54,0.0,770.0,774.0,12.0,0.0,11592.0,17.6,25.0,0.0,0.0,Dec-2015,Oct-1993
18000.0, 36 months,7.49,559.83,A,A4,3 years,MORTGAGE,83000.0,Source Verified,debt_consolidation,7.93,0.0,700.0,704.0,17.0,0.0,13186.0,24.1,28.0,6.0,0.0,Dec-2015,Nov-1988
26250.0, 60 months,13.99,610.66,C,C4,10+ years,MORTGAGE,65000.0,Verified,debt_consolidation,26.9,0.0,700.0,704.0,11.0,1.0,11401.0,45.0,19.0,1.0,1.0,Dec-2015,Apr-2007
14000.0, 36 months,14.85,484.29,C,C5,2 years,RENT,44500.0,Verified,debt_consolidation,20.05,0.0,670.0,674.0,12.0,0.0,12184.0,82.3,13.0,0.0,0.0,Dec-2015,Oct-2011
12000.0, 36 months,9.17,382.55,B,B2,10+ years,MORTGAGE,105000.0,Source Verified,credit_card,16.86,1.0,670.0,674.0,12.0,0.0,11143.0,34.1,29.0,4.0,0.0,Dec-2015,Apr-1990
14400.0, 36 months,9.17,459.06,B,B2,10+ years,RENT,82000.0,Not Verified,major_purchase,12.47,1.0,670.0,674.0,5.0,3.0,1898.0,39.0,23.0,2.0,0.0,Dec-2015,Nov-1993
35000.0, 36 months,11.99,1162.34,C,C1,10+ years,MORTGAGE,156000.0,Verified,credit_card,14.98,0.0,710.0,714.0,11.0,0.0,39669.0,88.5,22.0,4.0,0.0,Dec-2015,Dec-2002
10000.0, 36 months,7.49,311.02,A,A4,< 1 year,MORTGAGE,55500.0,Source Verified,debt_consolidation,15.05,1.0,700.0,704.0,8.0,0.0,13908.0,41.5,16.0,2.0,0.0,Dec-2015,Feb-2003
10000.0, 36 months,5.32,301.15,A,A1,10+ years,MORTGAGE,80000.0,Not Verified,credit_card,25.73,0.0,730.0,734.0,16.0,0.0,37657.0,47.5,39.0,4.0,0.0,Dec-2015,Jun-1996
10400.0, 60 months,22.45,289.91,F,F1,3 years,MORTGAGE,104433.0,Source Verified,major_purchase,25.37,1.0,695.0,699.0,12.0,0.0,21929.0,64.5,35.0,6.0,0.0,Dec-2015,Jun-1998
14000.0, 60 months,19.89,370.06,E,E3,10+ years,MORTGAGE,80000.0,Source Verified,small_business,14.39,0.0,700.0,704.0,13.0,0.0,28820.0,58.8,28.0,4.0,0.0,Dec-2015,Aug-2003
4700.0, 36 months,13.99,160.62,C,C4,4 years,MORTGAGE,88000.0,Source Verified,debt_consolidation,14.21,0.0,660.0,664.0,6.0,2.0,2328.0,77.6,13.0,3.0,0.0,Dec-2015,Jul-2001
16500.0, 36 months,11.99,547.96,C,C1,10+ years,MORTGAGE,76000.0,Source Verified,credit_card,2.56,0.0,725.0,729.0,12.0,0.0,7256.0,23.5,15.0,0.0,0.0,Dec-2015,Jan-2006
10500.0, 60 months,17.97,266.46,D,D4,1 year,RENT,28832.0,Verified,debt_consolidation,23.62,1.0,690.0,694.0,10.0,0.0,7739.0,41.8,23.0,0.0,0.0,Dec-2015,Jun-1991
3000.0, 36 months,18.49,109.2,D,D5,1 year,RENT,54000.0,Not Verified,house,32.18,1.0,680.0,684.0,46.0,0.0,24977.0,33.2,89.0,0.0,0.0,Dec-2015,Jun-1999
12600.0, 60 months,14.85,298.77,C,C5,1 year,MORTGAGE,175000.0,Not Verified,credit_card,11.75,0.0,690.0,694.0,14.0,1.0,16659.0,47.5,25.0,4.0,1.0,Dec-2015,Aug-1989
3600.0, 36 months,6.99,111.15,A,A3,10+ years,MORTGAGE,150000.0,Source Verified,debt_consolidation,28.08,0.0,725.0,729.0,11.0,0.0,28415.0,58.8,42.0,3.0,0.0,Dec-2015,Dec-1988
6000.0, 36 months,8.49,189.38,B,B1,3 years,RENT,36000.0,Not Verified,debt_consolidation,23.84,2.0,710.0,714.0,15.0,0.0,6582.0,36.6,28.0,0.0,0.0,Dec-2015,Feb-2004
9975.0, 36 months,23.13,386.81,F,F2,9 years,OWN,31200.0,Verified,other,21.14,0.0,685.0,689.0,10.0,0.0,9075.0,35.6,12.0,0.0,0.0,Dec-2015,May-1981
5000.0, 36 months,8.49,157.82,B,B1,,OWN,25000.0,Not Verified,debt_consolidation,13.63,0.0,675.0,679.0,17.0,1.0,7259.0,20.1,24.0,0.0,1.0,Dec-2015,Jul-1987
8500.0, 36 months,9.17,270.98,B,B2,1 year,OWN,35500.0,Not Verified,credit_card,5.88,0.0,700.0,704.0,5.0,0.0,6022.0,38.4,6.0,0.0,0.0,Dec-2015,Jul-2008
22875.0, 60 months,15.77,553.49,D,D1,10+ years,MORTGAGE,137000.0,Not Verified,debt_consolidation,32.3,0.0,700.0,704.0,22.0,0.0,44174.0,45.8,62.0,5.0,0.0,Dec-2015,Jan-1957
16075.0, 36 months,12.88,540.71,C,C2,3 years,OWN,66666.0,Verified,debt_consolidation,13.29,0.0,665.0,669.0,12.0,0.0,8881.0,56.2,19.0,0.0,0.0,Dec-2015,Oct-2004
10000.0, 36 months,11.99,332.1,C,C1,7 years,RENT,45000.0,Not Verified,other,37.55,0.0,685.0,689.0,19.0,1.0,8339.0,24.4,40.0,2.0,1.0,Dec-2015,Jun-1986
9000.0, 36 months,9.17,286.92,B,B2,2 years,MORTGAGE,105000.0,Source Verified,debt_consolidation,6.31,3.0,670.0,674.0,19.0,0.0,7937.0,60.6,32.0,2.0,0.0,Dec-2015,Dec-1999
15000.0, 36 months,9.17,478.19,B,B2,2 years,RENT,48112.0,Not Verified,credit_card,31.62,1.0,685.0,689.0,12.0,0.0,21070.0,58.0,23.0,0.0,0.0,Dec-2015,Oct-2001
10000.0, 36 months,13.44,339.07,C,C3,3 years,RENT,80000.0,Not Verified,credit_card,15.56,1.0,670.0,674.0,9.0,1.0,8297.0,57.0,24.0,3.0,1.0,Dec-2015,Aug-2003
20000.0, 60 months,12.88,453.84,C,C2,< 1 year,RENT,65000.0,Not Verified,credit_card,16.93,0.0,735.0,739.0,16.0,0.0,17336.0,24.1,41.0,0.0,0.0,Dec-2015,Oct-1995
34100.0, 60 months,12.88,773.79,C,C2,8 years,MORTGAGE,92892.0,Verified,debt_consolidation,29.14,0.0,735.0,739.0,13.0,0.0,21449.0,65.2,39.0,2.0,0.0,Dec-2015,Nov-1994
15000.0, 36 months,8.49,473.45,B,B1,< 1 year,RENT,50500.0,Not Verified,debt_consolidation,24.76,0.0,780.0,784.0,20.0,0.0,10131.0,20.5,62.0,0.0,0.0,Dec-2015,Jun-2004
13200.0, 36 months,5.32,397.52,A,A1,2 years,MORTGAGE,150000.0,Not Verified,home_improvement,15.45,0.0,740.0,744.0,14.0,0.0,42605.0,27.7,30.0,12.0,0.0,Dec-2015,Jul-1996
4200.0, 36 months,7.49,130.63,A,A4,10+ years,MORTGAGE,90000.0,Source Verified,credit_card,24.85,0.0,725.0,729.0,15.0,0.0,15478.0,33.5,38.0,7.0,0.0,Dec-2015,Aug-2001
10000.0, 36 months,5.32,301.15,A,A1,10+ years,RENT,68000.0,Not Verified,credit_card,14.61,0.0,730.0,734.0,11.0,0.0,15206.0,46.6,32.0,5.0,0.0,Dec-2015,Oct-1987
2500.0, 36 months,11.99,83.03,C,C1,< 1 year,MORTGAGE,50400.0,Source Verified,home_improvement,12.48,0.0,665.0,669.0,5.0,1.0,35.0,1.1,12.0,2.0,0.0,Dec-2015,Oct-2004
35000.0, 36 months,13.99,1196.05,C,C4,10+ years,OWN,121000.0,Source Verified,credit_card,9.23,0.0,680.0,684.0,27.0,1.0,21876.0,34.8,87.0,0.0,1.0,Dec-2015,Jul-1984
20000.0, 36 months,8.49,631.26,B,B1,10+ years,RENT,70000.0,Source Verified,credit_card,12.51,0.0,675.0,679.0,3.0,0.0,32224.0,62.2,4.0,0.0,0.0,Dec-2015,Jun-1999
17400.0, 60 months,8.49,356.91,B,B1,10+ years,MORTGAGE,175000.0,Source Verified,debt_consolidation,7.04,0.0,695.0,699.0,6.0,0.0,3048.0,32.1,18.0,5.0,0.0,Dec-2015,Nov-1999
2000.0, 36 months,13.44,67.82,C,C3,10+ years,OWN,75600.0,Verified,debt_consolidation,10.17,1.0,685.0,689.0,5.0,0.0,15568.0,92.7,19.0,4.0,0.0,Dec-2015,Sep-1995
4275.0, 36 months,17.27,153.0,D,D3,1 year,MORTGAGE,38500.0,Verified,debt_consolidation,28.55,1.0,660.0,664.0,10.0,1.0,11287.0,59.0,16.0,3.0,0.0,Dec-2015,Jul-1995
8775.0, 36 months,22.45,337.17,F,F1,10+ years,RENT,75000.0,Source Verified,credit_card,20.37,0.0,660.0,664.0,14.0,1.0,7613.0,33.4,44.0,0.0,0.0,Dec-2015,Sep-2006
12000.0, 36 months,12.88,403.64,C,C2,4 years,MORTGAGE,40000.0,Not Verified,debt_consolidation,23.98,0.0,690.0,694.0,13.0,0.0,8700.0,48.1,22.0,2.0,0.0,Dec-2015,Sep-2007
20500.0, 36 months,8.49,647.04,B,B1,,RENT,77700.0,Verified,debt_consolidation,18.56,0.0,685.0,689.0,16.0,1.0,11495.0,39.0,51.0,0.0,1.0,Dec-2015,Apr-1999
8400.0, 36 months,7.49,261.26,A,A4,1 year,OWN,30000.0,Not Verified,debt_consolidation,29.2,0.0,730.0,734.0,9.0,0.0,4008.0,46.0,13.0,0.0,0.0,Dec-2015,Aug-2007
21000.0, 36 months,9.17,669.46,B,B2,4 years,MORTGAGE,85000.0,Source Verified,credit_card,14.65,1.0,685.0,689.0,12.0,0.0,28624.0,83.7,28.0,6.0,0.0,Dec-2015,Jul-1999
18000.0, 36 months,7.49,559.83,A,A4,5 years,MORTGAGE,75000.0,Not Verified,debt_consolidation,25.65,0.0,715.0,719.0,12.0,0.0,7758.0,33.2,47.0,1.0,0.0,Dec-2015,Mar-2001
22925.0, 60 months,16.59,564.71,D,D2,< 1 year,RENT,51000.0,Not Verified,debt_consolidation,31.04,0.0,720.0,724.0,16.0,0.0,21147.0,65.3,23.0,0.0,0.0,Dec-2015,Nov-1994
7000.0, 36 months,5.32,210.81,A,A1,,RENT,16968.0,Verified,credit_card,12.87,0.0,740.0,744.0,8.0,0.0,6092.0,17.1,8.0,0.0,0.0,Dec-2015,Dec-1996
8300.0, 36 months,7.91,259.75,A,A5,,RENT,52000.0,Not Verified,debt_consolidation,9.46,0.0,670.0,674.0,8.0,1.0,7585.0,35.1,25.0,2.0,1.0,Dec-2015,May-1999
35000.0, 36 months,12.88,1177.27,C,C2,1 year,MORTGAGE,240000.0,Source Verified,credit_card,4.3,0.0,660.0,664.0,10.0,0.0,37389.0,85.9,17.0,5.0,0.0,Dec-2015,Jun-1996
24800.0, 36 months,7.91,776.12,A,A5,10+ years,MORTGAGE,95000.0,Source Verified,debt_consolidation,14.76,0.0,765.0,769.0,14.0,0.0,29719.0,34.3,24.0,4.0,0.0,Dec-2015,Jul-1992
11000.0, 36 months,16.59,389.94,D,D2,8 years,MORTGAGE,55000.0,Source Verified,debt_consolidation,16.85,0.0,735.0,739.0,6.0,0.0,5739.0,61.1,14.0,3.0,0.0,Dec-2015,Oct-2000
16000.0, 36 months,14.85,553.48,C,C5,5 years,MORTGAGE,70000.0,Source Verified,small_business,26.16,0.0,735.0,739.0,11.0,0.0,87.0,0.9,24.0,5.0,0.0,Dec-2015,Nov-2004
21000.0, 60 months,16.59,517.29,D,D2,10+ years,RENT,90000.0,Not Verified,debt_consolidation,12.09,1.0,710.0,714.0,9.0,0.0,1392.0,16.2,29.0,0.0,0.0,Dec-2015,Feb-1998
15000.0, 60 months,13.44,344.69,C,C3,4 years,RENT,77213.0,Source Verified,credit_card,18.17,0.0,670.0,674.0,17.0,1.0,59237.0,25.8,44.0,1.0,1.0,Dec-2015,Dec-2001
18000.0, 36 months,7.91,563.31,A,A5,10+ years,MORTGAGE,80000.0,Not Verified,debt_consolidation,15.56,0.0,740.0,744.0,5.0,0.0,20724.0,82.6,6.0,1.0,0.0,Dec-2015,Nov-2002
20000.0, 60 months,16.59,492.66,D,D2,4 years,MORTGAGE,100000.0,Source Verified,debt_consolidation,20.0,0.0,680.0,684.0,12.0,0.0,18478.0,67.0,25.0,3.0,0.0,Dec-2015,Oct-2005
17000.0, 36 months,6.49,520.96,A,A2,2 years,MORTGAGE,52000.0,Not Verified,debt_consolidation,12.29,1.0,680.0,684.0,21.0,0.0,4131.0,10.7,41.0,0.0,0.0,Dec-2015,Aug-2000
3200.0, 36 months,8.49,101.01,B,B1,10+ years,RENT,30407.0,Not Verified,medical,20.61,0.0,710.0,714.0,5.0,0.0,1061.0,30.3,13.0,0.0,0.0,Dec-2015,Feb-2000
10500.0, 36 months,15.77,367.96,D,D1,3 years,RENT,70100.0,Source Verified,credit_card,8.51,0.0,660.0,664.0,5.0,0.0,8280.0,77.4,10.0,0.0,0.0,Dec-2015,Aug-2008
23100.0, 60 months,20.5,618.46,E,E4,2 years,OWN,110000.0,Not Verified,car,20.43,0.0,660.0,664.0,11.0,0.0,20594.0,94.9,24.0,2.0,0.0,Dec-2015,Aug-1986
35000.0, 60 months,17.97,888.2,D,D4,10+ years,MORTGAGE,150000.0,Not Verified,debt_consolidation,25.11,1.0,670.0,674.0,27.0,0.0,39913.0,85.3,45.0,7.0,0.0,Dec-2015,Apr-1982
20000.0, 36 months,6.99,617.46,A,A3,10+ years,RENT,105000.0,Verified,credit_card,19.02,0.0,710.0,714.0,11.0,0.0,50541.0,66.9,28.0,0.0,0.0,Dec-2015,Sep-1999
35000.0, 36 months,17.27,1252.56,D,D3,< 1 year,MORTGAGE,98000.0,Source Verified,debt_consolidation,19.74,0.0,685.0,689.0,18.0,0.0,13676.0,47.8,43.0,6.0,0.0,Dec-2015,Nov-1984
5000.0, 36 months,12.88,168.19,C,C2,< 1 year,RENT,47000.0,Source Verified,debt_consolidation,38.61,0.0,680.0,684.0,17.0,0.0,10099.0,54.9,35.0,0.0,0.0,Dec-2015,Apr-2003
10500.0, 36 months,8.49,331.42,B,B1,4 years,MORTGAGE,60000.0,Not Verified,debt_consolidation,15.39,1.0,685.0,689.0,13.0,1.0,10760.0,62.6,19.0,5.0,0.0,Dec-2015,May-1998
14875.0, 60 months,18.49,381.71,D,D5,3 years,RENT,37231.0,Verified,debt_consolidation,36.3,1.0,665.0,669.0,24.0,1.0,4665.0,27.9,49.0,1.0,1.0,Dec-2015,Jun-2000
18000.0, 36 months,7.49,559.83,A,A4,< 1 year,MORTGAGE,70000.0,Source Verified,credit_card,16.82,1.0,690.0,694.0,10.0,0.0,19100.0,87.2,31.0,4.0,0.0,Dec-2015,Jan-2001
30000.0, 36 months,10.78,979.04,B,B4,10+ years,MORTGAGE,70000.0,Source Verified,credit_card,22.99,0.0,670.0,674.0,11.0,0.0,33542.0,73.9,26.0,2.0,0.0,Dec-2015,Jun-1998
25600.0, 60 months,7.91,517.98,A,A5,3 years,OWN,150000.0,Not Verified,debt_consolidation,10.88,0.0,740.0,744.0,10.0,0.0,15837.0,31.9,39.0,2.0,0.0,Dec-2015,Feb-2005
12250.0, 36 months,14.85,423.76,C,C5,4 years,RENT,26679.38,Verified,debt_consolidation,34.1,0.0,710.0,714.0,14.0,0.0,10914.0,41.3,17.0,0.0,0.0,Dec-2015,Dec-2010
11000.0, 36 months,7.49,342.12,A,A4,,OWN,33000.0,Not Verified,debt_consolidation,37.56,0.0,800.0,804.0,26.0,0.0,9867.0,7.1,44.0,0.0,0.0,Dec-2015,Dec-1983
15000.0, 36 months,13.99,512.6,C,C4,2 years,OWN,48000.0,Source Verified,credit_card,31.29,0.0,670.0,674.0,6.0,0.0,3044.0,41.7,11.0,0.0,0.0,Dec-2015,Apr-2011
25000.0, 36 months,5.32,752.87,A,A1,10+ years,MORTGAGE,300000.0,Not Verified,home_improvement,9.14,0.0,750.0,754.0,10.0,1.0,7543.0,33.5,27.0,1.0,1.0,Dec-2015,Jul-1993
15000.0, 36 months,6.99,463.09,A,A3,2 years,MORTGAGE,93000.0,Not Verified,credit_card,14.86,0.0,755.0,759.0,8.0,0.0,14914.0,43.2,17.0,1.0,0.0,Dec-2015,Oct-1993
11900.0, 36 months,17.97,430.04,D,D4,3 years,MORTGAGE,34000.0,Verified,home_improvement,32.83,0.0,675.0,679.0,10.0,1.0,8890.0,35.0,41.0,2.0,1.0,Dec-2015,May-1993
11550.0, 36 months,18.99,423.32,E,E1,,MORTGAGE,28948.92,Verified,credit_card,18.41,0.0,685.0,689.0,9.0,0.0,14858.0,77.8,13.0,2.0,0.0,Dec-2015,Nov-2001
2400.0, 36 months,13.44,81.38,C,C3,3 years,RENT,26000.0,Source Verified,debt_consolidation,16.39,0.0,670.0,674.0,7.0,0.0,1869.0,35.3,8.0,0.0,0.0,Dec-2015,Nov-2011
20000.0, 60 months,15.77,483.93,D,D1,6 years,MORTGAGE,150000.0,Not Verified,other,11.66,1.0,685.0,689.0,15.0,0.0,21235.0,41.3,33.0,4.0,0.0,Dec-2015,Dec-2002
12000.0, 36 months,9.8,386.09,B,B3,3 years,OWN,31200.0,Verified,credit_card,30.04,0.0,685.0,689.0,8.0,0.0,5652.0,56.5,11.0,1.0,0.0,Dec-2015,Nov-2000
5000.0, 36 months,9.8,160.87,B,B3,10+ years,RENT,55000.0,Not Verified,debt_consolidation,10.93,0.0,665.0,669.0,6.0,0.0,6846.0,58.0,11.0,0.0,0.0,Dec-2015,Jul-2003
20000.0, 60 months,13.99,465.27,C,C4,10+ years,OWN,60000.0,Not Verified,debt_consolidation,23.24,0.0,735.0,739.0,14.0,1.0,4985.0,30.0,27.0,1.0,1.0,Dec-2015,May-1996
35000.0, 36 months,13.99,1196.05,C,C4,6 years,OWN,75000.0,Source Verified,debt_consolidation,18.19,0.0,685.0,689.0,17.0,0.0,22755.0,69.6,32.0,1.0,0.0,Dec-2015,Sep-2002
16000.0, 60 months,14.85,379.39,C,C5,10+ years,MORTGAGE,48000.0,Not Verified,credit_card,33.18,0.0,685.0,689.0,11.0,2.0,19108.0,29.6,19.0,2.0,0.0,Dec-2015,Jun-1991
9525.0, 36 months,13.99,325.5,C,C4,6 years,MORTGAGE,55000.0,Source Verified,credit_card,30.96,0.0,690.0,694.0,18.0,0.0,16992.0,76.9,32.0,3.0,0.0,Dec-2015,May-2001
20000.0, 36 months,5.32,602.3,A,A1,10+ years,RENT,139000.0,Not Verified,credit_card,9.24,0.0,705.0,709.0,14.0,1.0,19300.0,59.9,27.0,0.0,0.0,Dec-2015,Nov-2001
5000.0, 36 months,8.49,157.82,B,B1,2 years,MORTGAGE,141934.0,Not Verified,credit_card,25.58,1.0,710.0,714.0,23.0,1.0,32677.0,53.9,49.0,2.0,0.0,Dec-2015,Feb-1995
14000.0, 36 months,6.99,432.22,A,A3,6 years,MORTGAGE,100200.0,Source Verified,credit_card,19.34,0.0,740.0,744.0,11.0,0.0,26355.0,69.0,23.0,9.0,0.0,Dec-2015,Mar-1994
4850.0, 36 months,7.49,150.85,A,A4,< 1 year,MORTGAGE,56000.0,Verified,debt_consolidation,6.15,0.0,770.0,774.0,13.0,0.0,4865.0,13.3,28.0,5.0,0.0,Dec-2015,Jun-1997
9900.0, 36 months,9.17,315.61,B,B2,10+ years,RENT,57000.0,Not Verified,credit_card,21.71,0.0,690.0,694.0,13.0,0.0,17526.0,49.5,15.0,1.0,0.0,Dec-2015,Mar-2002
8750.0, 36 months,18.99,320.7,E,E1,1 year,RENT,29524.32,Verified,debt_consolidation,46.71,0.0,680.0,684.0,9.0,1.0,2412.0,96.5,12.0,0.0,0.0,Dec-2015,Aug-1998
13000.0, 36 months,10.78,424.26,B,B4,10+ years,MORTGAGE,45000.0,Verified,debt_consolidation,26.64,0.0,695.0,699.0,16.0,0.0,7198.0,24.0,23.0,1.0,0.0,Dec-2015,Mar-2001
10000.0, 60 months,16.59,246.33,D,D2,< 1 year,RENT,30000.0,Source Verified,debt_consolidation,30.84,0.0,715.0,719.0,19.0,1.0,6118.0,26.6,36.0,0.0,1.0,Dec-2015,Sep-2000
1800.0, 36 months,11.48,59.34,B,B5,10+ years,RENT,50000.0,Not Verified,other,20.38,0.0,660.0,664.0,9.0,0.0,10140.0,95.7,15.0,0.0,0.0,Dec-2015,Jan-2002
10000.0, 36 months,11.99,332.1,C,C1,7 years,RENT,40000.0,Not Verified,debt_consolidation,10.95,0.0,665.0,669.0,4.0,0.0,1252.0,27.2,7.0,0.0,0.0,Dec-2015,Feb-2008
25000.0, 60 months,10.78,540.83,B,B4,6 years,RENT,50000.0,Verified,credit_card,39.3,0.0,725.0,729.0,6.0,0.0,23621.0,71.6,6.0,0.0,0.0,Dec-2015,Oct-2004
8375.0, 36 months,13.99,286.2,C,C4,10+ years,OWN,32000.0,Source Verified,debt_consolidation,7.5,0.0,660.0,664.0,11.0,1.0,2377.0,29.3,14.0,1.0,0.0,Dec-2015,Jul-2001
5600.0, 36 months,13.44,189.88,C,C3,10+ years,RENT,50000.0,Source Verified,debt_consolidation,28.73,0.0,740.0,744.0,11.0,3.0,5967.0,29.2,22.0,2.0,2.0,Dec-2015,Aug-1998
15175.0, 36 months,17.27,543.08,D,D3,2 years,MORTGAGE,58000.0,Source Verified,home_improvement,7.57,0.0,745.0,749.0,5.0,0.0,166.0,4.3,7.0,1.0,0.0,Dec-2015,Mar-2011
20000.0, 36 months,7.91,625.9,A,A5,5 years,OWN,120000.0,Not Verified,major_purchase,4.99,3.0,705.0,709.0,19.0,0.0,1801.0,2.5,31.0,2.0,0.0,Dec-2015,Sep-1987
25000.0, 36 months,7.49,777.55,A,A4,,MORTGAGE,132000.0,Not Verified,debt_consolidation,13.83,0.0,745.0,749.0,14.0,0.0,33231.0,48.0,32.0,3.0,0.0,Dec-2015,Aug-1974
4325.0, 36 months,9.8,139.15,B,B3,2 years,MORTGAGE,40000.0,Not Verified,car,14.79,0.0,660.0,664.0,3.0,1.0,1025.0,60.0,26.0,2.0,1.0,Dec-2015,Mar-1997
2000.0, 36 months,12.88,67.28,C,C2,6 years,RENT,86564.0,Verified,credit_card,27.73,0.0,660.0,664.0,25.0,0.0,19821.0,89.7,35.0,0.0,0.0,Dec-2015,Sep-2003
3600.0, 36 months,11.48,118.68,B,B5,< 1 year,MORTGAGE,85000.0,Source Verified,debt_consolidation,17.44,0.0,675.0,679.0,12.0,1.0,6952.0,28.7,23.0,1.0,1.0,Dec-2015,Apr-1994
20000.0, 36 months,13.44,678.13,C,C3,1 year,RENT,53000.0,Verified,debt_consolidation,15.29,0.0,675.0,679.0,13.0,0.0,16180.0,59.1,25.0,0.0,0.0,Dec-2015,Apr-2005
12500.0, 36 months,10.78,407.94,B,B4,10+ years,MORTGAGE,34000.0,Verified,debt_consolidation,27.11,0.0,685.0,689.0,14.0,0.0,28554.0,66.3,30.0,5.0,0.0,Dec-2015,Oct-1998
12000.0, 36 months,5.32,361.38,A,A1,3 years,MORTGAGE,72500.0,Not Verified,other,2.71,0.0,745.0,749.0,10.0,0.0,7804.0,26.9,19.0,2.0,0.0,Dec-2015,Jul-1996
35000.0, 60 months,18.49,898.13,D,D5,9 years,MORTGAGE,132500.0,Source Verified,debt_consolidation,14.48,0.0,670.0,674.0,16.0,0.0,27946.0,83.9,25.0,5.0,0.0,Dec-2015,Jul-2003
24650.0, 36 months,11.48,812.63,B,B5,10+ years,MORTGAGE,100000.0,Verified,debt_consolidation,22.64,0.0,725.0,729.0,11.0,0.0,31110.0,56.0,24.0,5.0,0.0,Dec-2015,Apr-1988
18850.0, 36 months,21.48,714.83,E,E5,< 1 year,MORTGAGE,55000.0,Not Verified,debt_consolidation,15.56,0.0,700.0,704.0,11.0,0.0,6069.0,38.4,26.0,8.0,0.0,Dec-2015,Jun-1997
8000.0, 36 months,17.97,289.1,D,D4,,MORTGAGE,33130.0,Not Verified,debt_consolidation,11.52,1.0,665.0,669.0,18.0,0.0,7610.0,27.4,26.0,1.0,0.0,Dec-2015,May-1994
4600.0, 36 months,11.99,152.77,C,C1,,RENT,14688.0,Verified,credit_card,14.79,0.0,670.0,674.0,10.0,1.0,3810.0,31.5,26.0,2.0,1.0,Dec-2015,Mar-2003
35000.0, 60 months,19.48,917.19,E,E2,10+ years,MORTGAGE,123000.0,Source Verified,debt_consolidation,21.53,0.0,700.0,704.0,18.0,0.0,42372.0,72.4,32.0,1.0,0.0,Dec-2015,Jul-1993
15000.0, 36 months,5.32,451.73,A,A1,8 years,MORTGAGE,90000.0,Not Verified,credit_card,16.91,0.0,765.0,769.0,20.0,0.0,22631.0,30.3,37.0,1.0,0.0,Dec-2015,Nov-1985
2000.0, 36 months,13.44,67.82,C,C3,10+ years,MORTGAGE,43500.0,Source Verified,debt_consolidation,27.61,6.0,685.0,689.0,11.0,0.0,2118.0,25.8,40.0,5.0,0.0,Dec-2015,Jul-1994
16000.0, 36 months,8.49,505.01,B,B1,10+ years,MORTGAGE,140000.0,Not Verified,credit_card,14.68,2.0,670.0,674.0,19.0,0.0,28430.0,77.3,25.0,2.0,0.0,Dec-2015,Feb-2000
12600.0, 36 months,7.91,394.32,A,A5,7 years,RENT,73000.0,Not Verified,credit_card,21.58,0.0,685.0,689.0,9.0,0.0,11234.0,51.0,15.0,0.0,0.0,Dec-2015,Mar-2004
10000.0, 36 months,7.91,312.95,A,A5,2 years,OWN,25000.0,Not Verified,debt_consolidation,29.91,0.0,740.0,744.0,16.0,0.0,9053.0,22.9,30.0,0.0,0.0,Dec-2015,Oct-2008
5000.0, 36 months,9.17,159.4,B,B2,4 years,MORTGAGE,52000.0,Not Verified,other,24.79,0.0,755.0,759.0,9.0,0.0,10502.0,28.1,13.0,1.0,0.0,Dec-2015,Sep-2004
18000.0, 36 months,8.49,568.14,B,B1,< 1 year,RENT,55000.0,Source Verified,credit_card,27.17,0.0,670.0,674.0,14.0,0.0,22088.0,71.7,24.0,0.0,0.0,Dec-2015,Aug-2005
15000.0, 36 months,12.88,504.55,C,C2,< 1 year,RENT,89000.0,Verified,debt_consolidation,34.58,0.0,660.0,664.0,27.0,1.0,32901.0,81.4,43.0,1.0,1.0,Dec-2015,Aug-1997
12000.0, 36 months,5.32,361.38,A,A1,< 1 year,MORTGAGE,118000.0,Not Verified,debt_consolidation,14.06,0.0,745.0,749.0,23.0,0.0,24537.0,27.0,41.0,3.0,0.0,Dec-2015,Dec-1989
24000.0, 36 months,6.99,740.95,A,A3,10+ years,MORTGAGE,127000.0,Not Verified,home_improvement,12.07,1.0,710.0,714.0,11.0,0.0,21112.0,38.3,56.0,6.0,0.0,Dec-2015,Aug-1987
11000.0, 36 months,7.91,344.25,A,A5,2 years,MORTGAGE,60000.0,Not Verified,other,28.36,0.0,710.0,714.0,16.0,0.0,16701.0,47.2,24.0,0.0,0.0,Dec-2015,Jun-2002
5000.0, 36 months,11.99,166.05,C,C1,8 years,MORTGAGE,60000.0,Not Verified,debt_consolidation,19.56,0.0,675.0,679.0,13.0,0.0,15996.0,50.8,19.0,3.0,0.0,Dec-2015,Mar-2009
35000.0, 60 months,12.88,794.21,C,C2,7 years,MORTGAGE,106000.0,Source Verified,debt_consolidation,17.36,0.0,730.0,734.0,8.0,0.0,39055.0,72.1,27.0,4.0,0.0,Dec-2015,Apr-2002
15000.0, 36 months,5.32,451.73,A,A1,< 1 year,RENT,55000.0,Source Verified,credit_card,25.25,0.0,690.0,694.0,10.0,0.0,21754.0,70.2,22.0,0.0,0.0,Dec-2015,Aug-2003
6025.0, 36 months,11.99,200.09,C,C1,7 years,RENT,25000.0,Source Verified,debt_consolidation,6.82,0.0,695.0,699.0,3.0,0.0,4877.0,46.0,6.0,0.0,0.0,Dec-2015,Nov-2012
20000.0, 36 months,6.49,612.89,A,A2,10+ years,OWN,78000.0,Not Verified,credit_card,21.6,0.0,730.0,734.0,10.0,0.0,21041.0,63.6,41.0,7.0,0.0,Dec-2015,Mar-2001
35000.0, 36 months,10.78,1142.22,B,B4,10+ years,MORTGAGE,110000.0,Source Verified,credit_card,25.38,0.0,705.0,709.0,12.0,0.0,48591.0,88.2,20.0,2.0,0.0,Dec-2015,Oct-1990
12000.0, 36 months,5.32,361.38,A,A1,9 years,MORTGAGE,98000.0,Not Verified,major_purchase,17.73,0.0,775.0,779.0,20.0,0.0,27483.0,19.8,50.0,2.0,0.0,Dec-2015,Sep-1989
20900.0, 36 months,18.49,760.74,D,D5,2 years,OWN,55000.0,Not Verified,car,18.96,0.0,665.0,669.0,9.0,0.0,5299.0,84.1,30.0,0.0,0.0,Dec-2015,Oct-2004
12000.0, 36 months,9.17,382.55,B,B2,4 years,MORTGAGE,39400.0,Not Verified,debt_consolidation,26.32,0.0,705.0,709.0,18.0,0.0,10495.0,34.6,25.0,2.0,0.0,Dec-2015,Sep-2006
20000.0, 36 months,9.8,643.47,B,B3,10+ years,OWN,96000.0,Not Verified,debt_consolidation,19.04,0.0,765.0,769.0,9.0,0.0,8516.0,37.8,14.0,0.0,0.0,Dec-2015,Mar-1996
33100.0, 60 months,24.24,956.84,F,F3,10+ years,MORTGAGE,72000.0,Source Verified,debt_consolidation,23.77,0.0,685.0,689.0,11.0,0.0,23791.0,64.3,23.0,0.0,0.0,Dec-2015,Jan-1992
2250.0, 36 months,8.49,71.02,B,B1,< 1 year,MORTGAGE,60000.0,Source Verified,credit_card,16.88,0.0,690.0,694.0,13.0,1.0,1725.0,59.5,23.0,1.0,0.0,Dec-2015,Aug-2008
6000.0, 36 months,5.32,180.69,A,A1,2 years,OWN,120000.0,Not Verified,credit_card,3.98,0.0,780.0,784.0,14.0,0.0,7763.0,19.4,21.0,0.0,0.0,Dec-2015,Sep-2000
2950.0, 36 months,11.99,97.97,C,C1,,MORTGAGE,22000.0,Verified,debt_consolidation,16.58,0.0,665.0,669.0,8.0,1.0,4285.0,45.0,22.0,2.0,1.0,Dec-2015,Dec-2001
20200.0, 60 months,18.49,518.35,D,D5,4 years,RENT,60000.0,Source Verified,debt_consolidation,34.84,0.0,720.0,724.0,10.0,1.0,8284.0,40.6,16.0,0.0,1.0,Dec-2015,Jun-2004
12000.0, 36 months,10.78,391.62,B,B4,1 year,RENT,98000.0,Not Verified,debt_consolidation,24.04,0.0,690.0,694.0,15.0,1.0,20462.0,62.8,39.0,8.0,0.0,Dec-2015,Feb-2002
6900.0, 36 months,19.89,256.05,E,E3,10+ years,RENT,80000.0,Source Verified,debt_consolidation,9.57,0.0,665.0,669.0,10.0,0.0,4091.0,35.9,16.0,0.0,0.0,Dec-2015,Jun-2005
13200.0, 36 months,14.85,456.62,C,C5,1 year,OWN,61000.0,Verified,debt_consolidation,15.42,0.0,680.0,684.0,15.0,0.0,12932.0,46.5,16.0,0.0,0.0,Dec-2015,Apr-2011
7200.0, 36 months,17.27,257.67,D,D3,3 years,RENT,22000.0,Verified,debt_consolidation,38.63,0.0,700.0,704.0,10.0,0.0,20086.0,60.9,13.0,0.0,0.0,Dec-2015,May-2001
31800.0, 60 months,16.59,783.32,D,D2,< 1 year,MORTGAGE,65000.0,Source Verified,debt_consolidation,24.15,0.0,810.0,814.0,12.0,0.0,17044.0,17.7,23.0,7.0,0.0,Dec-2015,Oct-2003
35000.0, 60 months,24.24,1011.77,F,F3,< 1 year,MORTGAGE,117000.0,Source Verified,debt_consolidation,16.82,0.0,675.0,679.0,15.0,0.0,20137.0,59.7,35.0,6.0,0.0,Dec-2015,Mar-2002
20000.0, 36 months,12.88,672.73,C,C2,10+ years,OWN,50000.0,Source Verified,debt_consolidation,4.94,0.0,660.0,664.0,5.0,1.0,6277.0,59.2,15.0,0.0,0.0,Dec-2015,Jan-2004
9000.0, 36 months,9.8,289.57,B,B3,10+ years,MORTGAGE,81000.0,Not Verified,debt_consolidation,22.64,0.0,660.0,664.0,14.0,1.0,21819.0,55.1,38.0,2.0,1.0,Dec-2015,Sep-1976
12000.0, 60 months,7.91,242.81,A,A5,8 years,MORTGAGE,75000.0,Not Verified,debt_consolidation,6.4,0.0,750.0,754.0,4.0,0.0,6873.0,59.8,10.0,2.0,0.0,Dec-2015,Aug-2003
20000.0, 60 months,13.99,465.27,C,C4,10+ years,OWN,70000.0,Source Verified,debt_consolidation,16.9,0.0,680.0,684.0,20.0,0.0,31200.0,42.0,35.0,0.0,0.0,Dec-2015,Jun-2001
13050.0, 60 months,26.06,391.19,F,F5,10+ years,MORTGAGE,43500.0,Verified,debt_consolidation,22.79,0.0,715.0,719.0,8.0,0.0,12799.0,88.3,21.0,3.0,0.0,Dec-2015,Jun-1993
28000.0, 60 months,18.49,718.51,D,D5,10+ years,MORTGAGE,75000.0,Verified,debt_consolidation,31.88,0.0,685.0,689.0,27.0,0.0,43413.0,51.9,46.0,2.0,0.0,Dec-2015,Oct-2002
5000.0, 36 months,10.78,163.18,B,B4,10+ years,OWN,55000.0,Not Verified,major_purchase,30.98,1.0,675.0,679.0,9.0,0.0,17669.0,78.2,12.0,0.0,0.0,Dec-2015,Oct-1998
32000.0, 36 months,11.48,1054.93,B,B5,10+ years,MORTGAGE,107000.0,Verified,credit_card,19.13,0.0,710.0,714.0,12.0,0.0,95821.0,89.0,27.0,8.0,0.0,Dec-2015,Feb-1998
20000.0, 60 months,10.78,432.66,B,B4,10+ years,MORTGAGE,63000.0,Not Verified,home_improvement,10.78,0.0,695.0,699.0,6.0,0.0,7869.0,56.2,18.0,5.0,0.0,Dec-2015,Aug-2000
35000.0, 36 months,7.49,1088.56,A,A4,5 years,MORTGAGE,125000.0,Source Verified,credit_card,21.72,0.0,720.0,724.0,17.0,0.0,48446.0,45.7,37.0,4.0,0.0,Dec-2015,Aug-1993
5600.0, 36 months,9.17,178.53,B,B2,8 years,RENT,48000.0,Source Verified,credit_card,19.85,0.0,660.0,664.0,8.0,0.0,12503.0,64.8,68.0,1.0,0.0,Dec-2015,Jul-1995
20000.0, 36 months,11.99,664.2,C,C1,10+ years,MORTGAGE,78000.0,Not Verified,debt_consolidation,27.1,0.0,705.0,709.0,15.0,0.0,40405.0,48.2,37.0,6.0,0.0,Dec-2015,Dec-1999
18000.0, 36 months,13.99,615.11,C,C4,3 years,OWN,63000.0,Not Verified,debt_consolidation,17.49,0.0,675.0,679.0,3.0,0.0,14100.0,92.2,10.0,0.0,0.0,Dec-2015,Aug-1996
10500.0, 36 months,8.49,331.42,B,B1,10+ years,MORTGAGE,168400.0,Verified,other,27.58,0.0,715.0,719.0,18.0,0.0,43536.0,61.5,36.0,5.0,0.0,Dec-2015,Nov-1999
21600.0, 36 months,13.44,732.38,C,C3,9 years,MORTGAGE,54000.0,Verified,debt_consolidation,17.64,0.0,690.0,694.0,9.0,0.0,26438.0,60.8,30.0,6.0,0.0,Dec-2015,Jun-2001
5875.0, 36 months,15.77,205.89,D,D1,10+ years,RENT,56000.0,Verified,debt_consolidation,25.65,0.0,670.0,674.0,5.0,0.0,928.0,38.7,11.0,0.0,0.0,Dec-2015,Oct-2005
8000.0, 36 months,6.49,245.16,A,A2,3 years,RENT,120000.0,Source Verified,credit_card,4.91,0.0,775.0,779.0,5.0,0.0,9233.0,15.5,20.0,0.0,0.0,Dec-2015,Jul-1984
6000.0, 36 months,7.91,187.77,A,A5,10+ years,MORTGAGE,105000.0,Not Verified,car,14.45,0.0,685.0,689.0,9.0,3.0,8353.0,65.3,11.0,1.0,0.0,Dec-2015,May-2006
12000.0, 36 months,11.48,395.6,B,B5,3 years,MORTGAGE,47140.0,Source Verified,debt_consolidation,33.1,2.0,695.0,699.0,11.0,0.0,35362.0,56.7,20.0,1.0,0.0,Dec-2015,May-2004
20550.0, 60 months,16.59,506.21,D,D2,10+ years,RENT,60000.0,Not Verified,debt_consolidation,26.38,0.0,715.0,719.0,12.0,0.0,34612.0,39.7,20.0,4.0,0.0,Dec-2015,May-2002
20000.0, 36 months,9.17,637.58,B,B2,2 years,RENT,130000.0,Source Verified,debt_consolidation,12.77,0.0,715.0,719.0,8.0,0.0,12187.0,36.5,13.0,0.0,0.0,Dec-2015,Oct-2011
28000.0, 36 months,7.91,876.26,A,A5,2 years,MORTGAGE,112000.0,Source Verified,credit_card,11.95,0.0,715.0,719.0,5.0,0.0,32983.0,50.0,15.0,2.0,0.0,Dec-2015,Mar-1990
8450.0, 36 months,11.99,280.63,C,C1,10+ years,RENT,37380.0,Not Verified,debt_consolidation,15.09,0.0,670.0,674.0,6.0,1.0,3855.0,37.0,14.0,2.0,1.0,Dec-2015,Jan-2003
13500.0, 36 months,10.78,440.57,B,B4,10+ years,RENT,77000.0,Source Verified,credit_card,14.45,1.0,660.0,664.0,8.0,2.0,6875.0,75.5,10.0,0.0,1.0,Dec-2015,Jan-2004
4175.0, 36 months,12.88,140.44,C,C2,4 years,MORTGAGE,50720.0,Source Verified,debt_consolidation,9.16,0.0,665.0,669.0,9.0,0.0,1779.0,85.0,20.0,2.0,0.0,Dec-2015,Nov-2003
10000.0, 36 months,5.32,301.15,A,A1,9 years,MORTGAGE,75000.0,Not Verified,credit_card,3.86,0.0,710.0,714.0,9.0,0.0,9902.0,16.2,36.0,0.0,0.0,Dec-2015,Jun-2001
22400.0, 60 months,14.85,531.14,C,C5,3 years,RENT,96000.0,Verified,debt_consolidation,20.45,1.0,675.0,679.0,10.0,0.0,10802.0,85.1,19.0,3.0,0.0,Dec-2015,Feb-2002
18000.0, 36 months,16.59,638.09,D,D2,6 years,MORTGAGE,50000.0,Not Verified,debt_consolidation,14.69,0.0,705.0,709.0,5.0,0.0,43858.0,97.2,27.0,6.0,0.0,Dec-2015,Jul-1990
30000.0, 60 months,19.48,786.17,E,E2,10+ years,MORTGAGE,88000.0,Source Verified,debt_consolidation,18.47,0.0,665.0,669.0,9.0,0.0,15564.0,69.2,29.0,1.0,0.0,Dec-2015,Oct-2000
16000.0, 36 months,7.91,500.72,A,A5,< 1 year,MORTGAGE,50000.0,Not Verified,debt_consolidation,24.41,0.0,715.0,719.0,9.0,0.0,12638.0,64.8,22.0,2.0,0.0,Dec-2015,Aug-2004
5500.0, 36 months,15.77,192.74,D,D1,2 years,MORTGAGE,101000.0,Verified,vacation,25.55,0.0,675.0,679.0,14.0,0.0,27478.0,88.0,21.0,1.0,0.0,Dec-2015,Oct-2007
35000.0, 36 months,15.77,1226.53,D,D1,4 years,MORTGAGE,120000.0,Source Verified,credit_card,13.34,0.0,690.0,694.0,12.0,0.0,31184.0,73.0,26.0,5.0,0.0,Dec-2015,Aug-2003
8000.0, 36 months,8.49,252.51,B,B1,3 years,MORTGAGE,48000.0,Not Verified,credit_card,15.15,0.0,670.0,674.0,4.0,0.0,7764.0,86.0,24.0,2.0,0.0,Dec-2015,Jun-2001
4000.0, 36 months,9.8,128.7,B,B3,2 years,MORTGAGE,47500.0,Source Verified,debt_consolidation,5.79,0.0,685.0,689.0,12.0,0.0,5854.0,56.8,19.0,1.0,0.0,Dec-2015,Mar-2008
9000.0, 36 months,5.32,271.04,A,A1,7 years,MORTGAGE,150000.0,Not Verified,major_purchase,0.63,0.0,795.0,799.0,4.0,0.0,4842.0,7.0,30.0,7.0,0.0,Dec-2015,Feb-1987
10000.0, 36 months,7.91,312.95,A,A5,2 years,RENT,40100.0,Not Verified,credit_card,10.81,0.0,680.0,684.0,4.0,0.0,6664.0,45.0,7.0,0.0,0.0,Dec-2015,Oct-1998
14025.0, 60 months,18.49,359.9,D,D5,10+ years,MORTGAGE,39000.0,Verified,debt_consolidation,18.0,0.0,675.0,679.0,12.0,0.0,15646.0,74.9,21.0,3.0,0.0,Dec-2015,Aug-2001
13500.0, 36 months,23.13,523.5,F,F2,10+ years,RENT,50000.0,Source Verified,debt_consolidation,25.3,0.0,660.0,664.0,17.0,1.0,10292.0,23.0,21.0,0.0,1.0,Dec-2015,Mar-2002
2150.0, 36 months,17.27,76.95,D,D3,3 years,OWN,18300.0,Verified,medical,11.74,0.0,695.0,699.0,11.0,0.0,512.0,13.1,19.0,0.0,0.0,Dec-2015,Sep-2009
24000.0, 60 months,13.99,558.32,C,C4,10+ years,MORTGAGE,115000.0,Verified,debt_consolidation,17.71,0.0,690.0,694.0,11.0,1.0,20359.0,73.5,32.0,2.0,1.0,Dec-2015,Nov-1994
17000.0, 36 months,12.88,571.82,C,C2,9 years,RENT,89000.0,Verified,debt_consolidation,21.02,0.0,680.0,684.0,10.0,0.0,13978.0,78.1,18.0,0.0,0.0,Dec-2015,Mar-2006
6000.0, 36 months,9.17,191.28,B,B2,2 years,OWN,72000.0,Not Verified,credit_card,2.8,0.0,660.0,664.0,9.0,1.0,4752.0,9.8,24.0,0.0,1.0,Dec-2015,Sep-1988
5000.0, 36 months,11.48,164.84,B,B5,8 years,OWN,43498.0,Verified,debt_consolidation,26.2,1.0,660.0,664.0,5.0,0.0,3385.0,75.2,24.0,0.0,0.0,Dec-2015,Nov-1989
19500.0, 36 months,7.49,606.49,A,A4,< 1 year,RENT,85000.0,Not Verified,debt_consolidation,13.74,0.0,730.0,734.0,8.0,0.0,18662.0,70.7,20.0,0.0,0.0,Dec-2015,Aug-2001
23200.0, 36 months,9.17,739.6,B,B2,< 1 year,RENT,110000.0,Verified,credit_card,18.84,0.0,665.0,669.0,14.0,0.0,29095.0,80.8,20.0,0.0,0.0,Dec-2015,Sep-2002
7200.0, 36 months,9.17,229.53,B,B2,10+ years,MORTGAGE,60000.0,Not Verified,debt_consolidation,24.6,0.0,735.0,739.0,18.0,0.0,8307.0,22.9,45.0,4.0,0.0,Dec-2015,Mar-1997
10000.0, 60 months,17.97,253.78,D,D4,2 years,MORTGAGE,55000.0,Not Verified,credit_card,35.7,0.0,685.0,689.0,14.0,0.0,38623.0,78.0,28.0,6.0,0.0,Dec-2015,Apr-2001
1500.0, 36 months,6.49,45.97,A,A2,,MORTGAGE,45000.0,Not Verified,vacation,16.11,0.0,745.0,749.0,12.0,0.0,3717.0,21.2,37.0,4.0,0.0,Dec-2015,Dec-1987
9100.0, 36 months,9.17,290.1,B,B2,5 years,MORTGAGE,70000.0,Not Verified,credit_card,25.6,0.0,725.0,729.0,8.0,0.0,37505.0,93.3,23.0,3.0,0.0,Dec-2015,Apr-1996
16800.0, 36 months,8.49,530.26,B,B1,8 years,MORTGAGE,85400.0,Not Verified,debt_consolidation,17.27,0.0,705.0,709.0,10.0,0.0,10223.0,43.5,21.0,2.0,0.0,Dec-2015,Nov-1994
28000.0, 36 months,7.91,876.26,A,A5,1 year,MORTGAGE,160000.0,Not Verified,home_improvement,23.69,0.0,710.0,714.0,16.0,0.0,158563.0,75.2,31.0,6.0,0.0,Dec-2015,Sep-1991
19200.0, 36 months,5.32,578.21,A,A1,8 years,RENT,60000.0,Not Verified,credit_card,17.84,0.0,720.0,724.0,11.0,0.0,25643.0,75.9,19.0,0.0,0.0,Dec-2015,Apr-1998
12600.0, 36 months,6.99,389.0,A,A3,1 year,RENT,73000.0,Not Verified,credit_card,5.56,0.0,680.0,684.0,3.0,0.0,8699.0,77.4,7.0,0.0,0.0,Dec-2015,Jul-1992
9650.0, 36 months,12.88,324.59,C,C2,< 1 year,RENT,55500.0,Source Verified,debt_consolidation,15.18,1.0,660.0,664.0,19.0,1.0,9419.0,61.2,29.0,1.0,1.0,Dec-2015,Aug-2000
23525.0, 60 months,17.97,597.0,D,D4,5 years,MORTGAGE,70000.0,Not Verified,debt_consolidation,13.33,0.0,675.0,679.0,13.0,1.0,28738.0,90.9,22.0,2.0,0.0,Dec-2015,May-1998
19600.0, 60 months,15.77,474.25,D,D1,8 years,MORTGAGE,80000.0,Source Verified,debt_consolidation,18.99,0.0,710.0,714.0,15.0,0.0,11038.0,81.1,26.0,2.0,0.0,Dec-2015,Oct-2003
6400.0, 36 months,9.17,204.03,B,B2,6 years,RENT,53000.0,Not Verified,debt_consolidation,14.4,0.0,695.0,699.0,11.0,0.0,4980.0,90.5,14.0,0.0,0.0,Dec-2015,Sep-1987
26825.0, 60 months,18.99,695.71,E,E1,10+ years,MORTGAGE,66548.0,Verified,debt_consolidation,31.61,0.0,685.0,689.0,9.0,1.0,18221.0,84.0,19.0,1.0,0.0,Dec-2015,Apr-1996
18000.0, 60 months,14.85,426.81,C,C5,5 years,RENT,48000.0,Source Verified,debt_consolidation,19.76,5.0,660.0,664.0,15.0,1.0,3862.0,30.9,40.0,0.0,1.0,Dec-2015,Jun-1999
25000.0, 36 months,7.49,777.55,A,A4,10+ years,MORTGAGE,109000.0,Not Verified,debt_consolidation,26.02,0.0,745.0,749.0,9.0,0.0,20862.0,54.3,19.0,3.0,0.0,Dec-2015,Dec-2001
14000.0, 60 months,14.85,331.96,C,C5,2 years,MORTGAGE,60000.0,Not Verified,debt_consolidation,24.29,0.0,690.0,694.0,11.0,0.0,12718.0,73.9,24.0,0.0,0.0,Dec-2015,Aug-2009
3500.0, 36 months,6.49,107.26,A,A2,8 years,MORTGAGE,56000.0,Source Verified,debt_consolidation,19.03,3.0,680.0,684.0,10.0,0.0,3770.0,11.5,19.0,3.0,0.0,Dec-2015,Jan-1999
12000.0, 36 months,5.32,361.38,A,A1,4 years,OWN,45000.0,Not Verified,debt_consolidation,29.87,0.0,780.0,784.0,7.0,0.0,8994.0,63.3,23.0,1.0,0.0,Dec-2015,Jul-1987
14850.0, 60 months,18.49,381.07,D,D5,10+ years,MORTGAGE,45000.0,Verified,debt_consolidation,13.57,0.0,670.0,674.0,13.0,0.0,16081.0,45.7,32.0,1.0,0.0,Dec-2015,May-1999
16000.0, 60 months,12.88,363.07,C,C2,10+ years,MORTGAGE,64000.0,Not Verified,debt_consolidation,5.76,0.0,685.0,689.0,5.0,0.0,28495.0,79.2,14.0,1.0,0.0,Dec-2015,Nov-1990
4000.0, 36 months,11.99,132.84,C,C1,3 years,RENT,41501.0,Source Verified,debt_consolidation,12.9,0.0,685.0,689.0,8.0,0.0,8485.0,36.3,12.0,0.0,0.0,Dec-2015,Nov-2005
23850.0, 36 months,13.44,808.67,C,C3,3 years,OWN,111000.0,Source Verified,major_purchase,13.58,0.0,660.0,664.0,24.0,1.0,20298.0,53.3,38.0,0.0,1.0,Dec-2015,Sep-2002
35000.0, 60 months,16.59,862.15,D,D2,5 years,MORTGAGE,139000.0,Source Verified,credit_card,14.95,0.0,670.0,674.0,10.0,0.0,24127.0,77.8,28.0,5.0,0.0,Dec-2015,Sep-2008
35000.0, 60 months,11.99,778.38,C,C1,10+ years,MORTGAGE,80000.0,Verified,credit_card,26.84,0.0,725.0,729.0,12.0,0.0,33364.0,32.5,21.0,2.0,0.0,Dec-2015,Feb-1985
20000.0, 36 months,5.32,602.3,A,A1,10+ years,MORTGAGE,71665.0,Verified,debt_consolidation,12.31,0.0,715.0,719.0,11.0,0.0,19997.0,56.0,16.0,2.0,0.0,Dec-2015,Apr-1976
15000.0, 36 months,12.88,504.55,C,C2,10+ years,MORTGAGE,60000.0,Not Verified,debt_consolidation,36.4,0.0,675.0,679.0,9.0,1.0,5576.0,62.0,42.0,8.0,1.0,Dec-2015,May-2000
25000.0, 36 months,6.49,766.12,A,A2,2 years,MORTGAGE,62000.0,Source Verified,credit_card,27.24,0.0,725.0,729.0,9.0,0.0,11141.0,53.6,15.0,2.0,0.0,Dec-2015,Feb-2007
30800.0, 60 months,17.97,781.62,D,D4,10+ years,MORTGAGE,111000.0,Verified,credit_card,33.98,0.0,700.0,704.0,7.0,0.0,61770.0,80.6,18.0,1.0,0.0,Dec-2015,Jan-1986
12000.0, 36 months,12.88,403.64,C,C2,4 years,MORTGAGE,110000.0,Source Verified,credit_card,9.44,0.0,680.0,684.0,9.0,0.0,6112.0,21.9,15.0,0.0,0.0,Dec-2015,Nov-1996
14000.0, 60 months,19.89,370.06,E,E3,3 years,MORTGAGE,75000.0,Source Verified,debt_consolidation,16.03,0.0,660.0,664.0,7.0,0.0,7029.0,78.1,15.0,0.0,0.0,Dec-2015,Feb-2004
16000.0, 36 months,8.49,505.01,B,B1,3 years,RENT,35000.0,Not Verified,credit_card,24.49,0.0,705.0,709.0,10.0,1.0,12989.0,50.9,13.0,0.0,1.0,Dec-2015,Apr-2006
6000.0, 36 months,7.91,187.77,A,A5,< 1 year,MORTGAGE,81120.0,Not Verified,debt_consolidation,18.45,0.0,685.0,689.0,10.0,1.0,6151.0,34.9,22.0,2.0,1.0,Dec-2015,Aug-2000
6000.0, 36 months,13.99,205.04,C,C4,6 years,MORTGAGE,43700.0,Verified,home_improvement,31.87,1.0,660.0,664.0,20.0,0.0,2773.0,10.3,33.0,1.0,0.0,Dec-2015,Feb-2005
24000.0, 36 months,9.8,772.17,B,B3,10+ years,MORTGAGE,100000.0,Source Verified,debt_consolidation,15.46,0.0,665.0,669.0,14.0,0.0,12057.0,65.9,35.0,2.0,0.0,Dec-2015,Nov-1996
10000.0, 36 months,19.48,369.0,E,E2,1 year,MORTGAGE,150000.0,Source Verified,other,14.89,1.0,705.0,709.0,10.0,0.0,3318.0,13.5,28.0,1.0,0.0,Dec-2015,Mar-1996
10000.0, 36 months,6.49,306.45,A,A2,6 years,RENT,85000.0,Not Verified,credit_card,13.07,0.0,685.0,689.0,14.0,1.0,10464.0,34.5,23.0,1.0,1.0,Dec-2015,Apr-2002
1400.0, 36 months,12.88,47.1,C,C2,3 years,MORTGAGE,64000.0,Not Verified,other,34.95,0.0,700.0,704.0,17.0,0.0,37828.0,67.2,24.0,4.0,0.0,Dec-2015,Jun-1996
